UserID,Login_Freq,SessionDuration_Min,Feature_Usage_Count,TasksCompleted,Subscription_Type,DaysSinceSignup,SupportTickets,Training_Attended,Adoption_Level
U00001,7.0,30.0,225.0,11.0,Premium,546,9,No,Low
U00002,20.0,12.0,127.0,53.0,Basic,589,7,No,Medium
U00003,15.0,46.0,238.0,10.0,Free,266,11,Yes,Medium
U00004,11.0,48.0,225.0,85.0,Premium,93,7,No,Medium
U00005,8.0,18.0,7.0,84.0,Free,212,9,No,Low
U00006,21.0,6.0,186.0,8.0,Basic,217,11,No,Medium
U00007,7.0,41.0,210.0,36.0,Free,270,10,No,Low
U00008,19.0,42.0,44.0,93.0,Premium,297,2,Yes,Low
U00009,23.0,45.0,63.0,76.0,Premium,211,10,Yes,Low
U00010,11.0,66.0,66.0,14.0,Premium,337,1,Yes,Low
U00011,64.0,258.0,136.0,54.0,Premium,81,3,Yes,Medium
U00012,24.0,18.0,64.0,85.0,Premium,292,0,No,Low
U00013,21.0,6.0,126.0,86.0,Premium,51,2,No,Medium
U00014,4.0,21.0,111.0,21.0,Basic,204,10,No,Low
U00015,8.0,32.0,100.0,50.0,Basic,431,8,Yes,Low
U00016,24.0,39.0,239.0,94.0,Basic,214,6,Yes,High
U00017,3.0,9.0,66.0,39.0,Free,424,6,Yes,Low
U00018,22.0,69.0,260.0,20.0,Free,158,0,No,Medium
U00019,21.0,44.0,53.0,88.0,Basic,526,6,No,Low
U00020,2.0,60.0,163.0,87.0,Free,419,9,Yes,Low
U00021,24.0,40.0,128.0,7.0,Free,357,6,Yes,Medium
U00022,12.0,49.0,211.0,9.0,Premium,161,3,No,Medium
U00023,6.0,27.0,52.0,1.0,Premium,265,6,No,Low
U00024,2.0,51.0,140.0,26.0,Free,81,7,No,Low
U00025,21.0,35.0,205.0,38.0,Free,492,2,Yes,Medium
U00026,1.0,15.0,254.0,38.0,Basic,135,9,Yes,Low
U00027,12.0,14.0,299.0,,Free,583,1,Yes,Medium
U00028,22.0,18.0,213.0,44.0,Premium,459,6,Yes,Medium
U00029,12.0,14.0,215.0,86.0,Free,167,4,No,Medium
U00030,17.0,5.0,196.0,44.0,Basic,19,4,No,Medium
U00031,10.0,9.0,48.0,74.0,Premium,236,4,No,Low
U00032,16.0,24.0,33.0,62.0,Premium,199,6,Yes,Low
U00033,15.0,12.0,63.0,6.0,Premium,546,8,No,Low
U00034,15.0,47.0,75.0,17.0,Premium,363,10,No,Low
U00035,19.0,5.0,96.0,51.0,Free,335,7,No,Medium
U00036,12.0,61.0,269.0,38.0,Basic,431,5,No,Medium
U00037,23.0,68.0,224.0,24.0,Free,501,6,No,Medium
U00038,20.0,32.0,219.0,51.0,Free,490,8,Yes,High
U00039,3.0,41.0,281.0,10.0,Premium,453,10,No,Low
U00040,5.0,51.0,68.0,72.0,Basic,417,5,No,Low
U00041,19.0,41.0,296.0,21.0,Premium,334,0,Yes,Medium
U00042,7.0,53.0,249.0,70.0,Free,151,3,Yes,Low
U00043,21.0,48.0,66.0,85.0,Free,263,7,No,Low
U00044,9.0,60.0,174.0,57.0,Premium,296,6,No,Medium
U00045,7.0,32.0,273.0,39.0,Free,147,2,No,Low
U00046,18.0,10.0,271.0,88.0,Free,369,9,No,High
U00047,4.0,65.0,58.0,33.0,Premium,94,2,Yes,Low
U00048,14.0,24.0,20.0,59.0,Free,168,10,No,Low
U00049,18.0,6.0,12.0,18.0,Basic,485,2,Yes,Low
U00050,9.0,41.0,108.0,56.0,Premium,88,11,No,Medium
U00051,21.0,24.0,63.0,92.0,Basic,81,0,No,Low
U00052,2.0,30.0,44.0,57.0,Free,521,9,No,Low
U00053,20.0,33.0,241.0,96.0,Free,489,0,Yes,High
U00054,15.0,5.0,98.0,76.0,Premium,594,5,No,Medium
U00055,7.0,39.0,226.0,48.0,Free,108,0,No,Low
U00056,12.0,63.0,208.0,42.0,Premium,456,4,Yes,Medium
U00057,8.0,37.0,142.0,27.0,Premium,491,3,No,Low
U00058,15.0,55.0,211.0,74.0,Premium,343,4,Yes,Medium
U00059,3.0,16.0,85.0,52.0,Premium,570,6,No,Low
U00060,14.0,24.0,222.0,42.0,Premium,482,5,Yes,Medium
U00061,17.0,57.0,6.0,32.0,Basic,227,11,Yes,Low
U00062,4.0,47.0,182.0,26.0,Premium,13,8,Yes,Low
U00063,18.0,54.0,283.0,25.0,Basic,57,5,No,Medium
U00064,8.0,33.0,150.0,75.0,Free,81,8,Yes,Low
U00065,4.0,61.0,228.0,23.0,Premium,507,3,Yes,Low
U00066,2.0,43.0,66.0,98.0,Free,320,0,No,Low
U00067,6.0,60.0,298.0,57.0,Premium,169,0,Yes,Low
U00068,22.0,47.0,243.0,52.0,Basic,283,9,No,High
U00069,10.0,54.0,199.0,87.0,Basic,31,6,No,Medium
U00070,4.0,27.0,170.0,93.0,Basic,74,2,Yes,Low
U00071,22.0,48.0,226.0,31.0,Free,222,1,Yes,Medium
U00072,18.0,42.0,65.0,64.0,Premium,369,5,No,Low
U00073,12.0,27.0,133.0,71.0,Free,310,5,Yes,Medium
U00074,2.0,49.0,177.0,33.0,Basic,128,6,Yes,Low
U00075,10.0,56.0,160.0,85.0,Free,23,4,Yes,Medium
U00076,4.0,54.0,114.0,2.0,Basic,261,7,Yes,Low
U00077,14.0,12.0,273.0,18.0,Basic,300,6,No,Medium
U00078,16.0,5.0,282.0,47.0,Basic,26,1,No,Medium
U00079,15.0,12.0,78.0,33.0,Premium,454,0,Yes,Low
U00080,8.0,33.0,211.0,98.0,Premium,556,8,No,Low
U00081,14.0,9.0,283.0,84.0,Basic,554,4,Yes,Medium
U00082,23.0,51.0,208.0,35.0,Free,52,11,Yes,Medium
U00083,8.0,38.0,165.0,51.0,Free,591,10,Yes,Low
U00084,21.0,69.0,32.0,18.0,Premium,187,4,Yes,Low
U00085,16.0,59.0,261.0,88.0,Basic,439,11,No,High
U00086,13.0,47.0,169.0,72.0,Free,111,9,Yes,Medium
U00087,18.0,34.0,67.0,30.0,Basic,192,3,No,Low
U00088,15.0,21.0,26.0,44.0,Free,90,1,Yes,Low
U00089,21.0,30.0,74.0,53.0,Premium,460,4,No,Low
U00090,24.0,12.0,100.0,10.0,Basic,141,1,No,Medium
U00091,13.0,51.0,167.0,87.0,Basic,340,11,No,Medium
U00092,9.0,50.0,83.0,52.0,Free,473,6,No,Medium
U00093,,37.0,9.0,49.0,Free,575,10,Yes,Low
U00094,,5.0,124.0,11.0,Free,407,8,No,Low
U00095,1.0,23.0,182.0,66.0,Basic,544,8,Yes,Low
U00096,7.0,35.0,180.0,58.0,Premium,76,10,No,Low
U00097,9.0,18.0,221.0,90.0,Premium,28,5,No,Medium
U00098,24.0,57.0,60.0,36.0,Free,489,0,No,Low
U00099,1.0,52.0,191.0,33.0,Premium,60,5,Yes,Low
U00100,12.0,66.0,236.0,47.0,Free,227,4,No,Medium
U00101,8.0,68.0,259.0,13.0,Premium,183,3,Yes,Low
U00102,24.0,67.0,108.0,40.0,Basic,438,11,Yes,Medium
U00103,11.0,37.0,81.0,89.0,Free,454,5,Yes,Medium
U00104,19.0,45.0,234.0,68.0,Premium,496,5,No,High
U00105,17.0,52.0,262.0,42.0,Basic,193,5,No,Medium
U00106,8.0,17.0,268.0,19.0,Premium,582,1,No,Low
U00107,3.0,35.0,186.0,82.0,Basic,424,6,No,Low
U00108,3.0,8.0,260.0,94.0,Basic,253,3,No,Low
U00109,1.0,23.0,42.0,19.0,Premium,592,11,No,Low
U00110,5.0,17.0,180.0,58.0,Premium,168,8,No,Low
U00111,10.0,27.0,31.0,23.0,Basic,259,9,Yes,Low
U00112,7.0,5.0,280.0,54.0,Basic,480,1,No,Low
U00113,9.0,58.0,144.0,80.0,Basic,421,4,Yes,Medium
U00114,7.0,19.0,291.0,65.0,Free,174,3,Yes,Low
U00115,9.0,69.0,95.0,12.0,Basic,321,8,No,Medium
U00116,8.0,19.0,65.0,24.0,Free,178,3,No,Low
U00117,12.0,25.0,167.0,34.0,Basic,474,7,Yes,Medium
U00118,2.0,23.0,147.0,53.0,Free,349,7,Yes,Low
U00119,1.0,64.0,257.0,8.0,Basic,449,5,No,Low
U00120,16.0,37.0,273.0,18.0,Basic,22,5,Yes,Medium
U00121,23.0,53.0,295.0,57.0,Basic,74,10,Yes,High
U00122,23.0,39.0,191.0,5.0,Premium,342,7,Yes,Medium
U00123,24.0,48.0,295.0,26.0,Premium,596,11,Yes,Medium
U00124,5.0,15.0,90.0,30.0,Basic,531,11,No,Low
U00125,3.0,50.0,170.0,54.0,Free,460,9,No,Low
U00126,12.0,13.0,118.0,13.0,Free,273,8,Yes,Medium
U00127,8.0,7.0,187.0,83.0,Basic,192,4,Yes,Low
U00128,22.0,30.0,211.0,29.0,Premium,573,10,Yes,Medium
U00129,3.0,,260.0,3.0,Free,533,0,No,Low
U00130,1.0,32.0,239.0,90.0,Premium,438,0,No,Low
U00131,3.0,30.0,7.0,58.0,Free,292,1,Yes,Low
U00132,88.0,214.0,212.0,76.0,Basic,571,9,Yes,High
U00133,15.0,16.0,201.0,2.0,Premium,503,9,Yes,Medium
U00134,14.0,9.0,129.0,75.0,Free,445,4,No,Medium
U00135,3.0,52.0,142.0,28.0,Basic,307,3,Yes,Low
U00136,1.0,41.0,29.0,82.0,Basic,91,0,Yes,Low
U00137,5.0,48.0,72.0,77.0,Basic,442,3,Yes,Low
U00138,23.0,19.0,65.0,86.0,Premium,545,3,Yes,Low
U00139,14.0,47.0,33.0,76.0,Premium,26,9,Yes,Low
U00140,7.0,52.0,23.0,2.0,Basic,564,3,No,Low
U00141,9.0,50.0,175.0,7.0,Premium,521,0,No,Medium
U00142,,47.0,78.0,26.0,Free,507,8,No,Low
U00143,15.0,25.0,65.0,90.0,Basic,471,2,Yes,Low
U00144,10.0,27.0,157.0,88.0,Basic,105,3,No,Medium
U00145,13.0,51.0,280.0,76.0,Premium,587,4,Yes,Medium
U00146,19.0,19.0,52.0,16.0,Basic,145,6,No,Low
U00147,7.0,29.0,215.0,23.0,Free,142,5,No,Low
U00148,17.0,40.0,143.0,40.0,Premium,582,4,Yes,Medium
U00149,20.0,55.0,114.0,60.0,Premium,232,7,Yes,Medium
U00150,4.0,19.0,187.0,73.0,Basic,285,0,Yes,Low
U00151,5.0,25.0,32.0,32.0,Basic,435,6,No,Low
U00152,23.0,17.0,201.0,15.0,Basic,44,11,Yes,Medium
U00153,7.0,23.0,195.0,13.0,Premium,523,5,No,Low
U00154,13.0,38.0,55.0,5.0,Basic,215,10,No,Low
U00155,15.0,56.0,153.0,75.0,Free,306,4,No,Medium
U00156,11.0,31.0,272.0,74.0,Basic,90,6,Yes,Medium
U00157,4.0,33.0,54.0,52.0,Basic,401,2,Yes,Low
U00158,13.0,32.0,250.0,77.0,Premium,257,0,Yes,Medium
U00159,7.0,39.0,117.0,41.0,Basic,537,8,No,Low
U00160,19.0,12.0,174.0,53.0,Premium,385,1,No,Medium
U00161,22.0,20.0,170.0,50.0,Basic,448,9,Yes,Medium
U00162,2.0,40.0,18.0,15.0,Free,37,2,No,Low
U00163,10.0,34.0,207.0,7.0,Free,264,7,No,Medium
U00164,13.0,22.0,292.0,40.0,Premium,238,11,No,Medium
U00165,21.0,6.0,193.0,28.0,Premium,519,9,Yes,Medium
U00166,6.0,53.0,159.0,32.0,Basic,312,8,No,Low
U00167,12.0,8.0,59.0,99.0,Basic,74,2,No,Low
U00168,12.0,11.0,186.0,15.0,Free,458,5,Yes,Medium
U00169,,43.0,214.0,85.0,Basic,443,6,Yes,Low
U00170,11.0,17.0,79.0,70.0,Free,368,0,Yes,Low
U00171,23.0,35.0,281.0,65.0,Premium,485,6,Yes,High
U00172,7.0,67.0,137.0,4.0,Basic,148,3,Yes,Low
U00173,1.0,60.0,63.0,11.0,Premium,28,4,Yes,Low
U00174,1.0,46.0,186.0,26.0,Basic,429,7,No,Low
U00175,20.0,65.0,68.0,61.0,Free,179,3,No,Low
U00176,13.0,46.0,264.0,37.0,Premium,329,3,No,Medium
U00177,9.0,60.0,197.0,23.0,Premium,352,7,No,Medium
U00178,3.0,40.0,147.0,93.0,Basic,22,4,Yes,Low
U00179,7.0,11.0,108.0,85.0,Premium,48,5,No,Low
U00180,,58.0,218.0,91.0,Free,159,11,Yes,Low
U00181,8.0,5.0,246.0,40.0,Premium,381,10,Yes,Low
U00182,9.0,48.0,213.0,77.0,Premium,406,4,No,Medium
U00183,5.0,49.0,97.0,23.0,Basic,229,0,No,Low
U00184,1.0,51.0,146.0,16.0,Premium,221,6,Yes,Low
U00185,19.0,17.0,116.0,94.0,Basic,572,5,Yes,Medium
U00186,10.0,26.0,63.0,61.0,Basic,35,1,Yes,Low
U00187,12.0,25.0,47.0,,Premium,63,10,Yes,Low
U00188,24.0,13.0,211.0,80.0,Free,357,6,No,High
U00189,15.0,30.0,272.0,31.0,Basic,449,5,Yes,Medium
U00190,22.0,13.0,122.0,53.0,Premium,239,4,No,Medium
U00191,24.0,19.0,24.0,25.0,Basic,111,7,Yes,Low
U00192,9.0,14.0,226.0,,Free,195,4,Yes,Medium
U00193,20.0,46.0,170.0,12.0,Free,534,10,Yes,Medium
U00194,17.0,28.0,135.0,90.0,Basic,587,1,No,Medium
U00195,17.0,53.0,160.0,97.0,Free,570,5,Yes,Medium
U00196,20.0,30.0,188.0,92.0,Premium,249,11,No,High
U00197,12.0,41.0,94.0,,Premium,80,0,No,Medium
U00198,7.0,54.0,98.0,12.0,Basic,551,4,No,Low
U00199,2.0,28.0,17.0,69.0,Free,271,5,Yes,Low
U00200,3.0,23.0,297.0,54.0,Premium,321,6,No,Low
U00201,17.0,64.0,234.0,54.0,Premium,125,1,No,High
U00202,5.0,43.0,296.0,28.0,Premium,29,0,Yes,Low
U00203,17.0,22.0,30.0,56.0,Basic,436,5,Yes,Low
U00204,24.0,23.0,79.0,99.0,Basic,164,2,No,Low
U00205,17.0,40.0,154.0,69.0,Premium,118,4,No,Medium
U00206,17.0,59.0,152.0,98.0,Premium,506,11,Yes,Medium
U00207,2.0,51.0,12.0,98.0,Free,170,10,No,Low
U00208,2.0,53.0,33.0,77.0,Free,179,1,No,Low
U00209,22.0,37.0,213.0,58.0,Free,5,0,No,High
U00210,23.0,25.0,132.0,78.0,Basic,90,0,Yes,Medium
U00211,5.0,26.0,120.0,75.0,Premium,578,10,No,Low
U00212,1.0,52.0,148.0,42.0,Basic,324,3,Yes,Low
U00213,1.0,41.0,239.0,38.0,Premium,405,9,Yes,Low
U00214,19.0,19.0,11.0,68.0,Free,386,1,Yes,Low
U00215,2.0,39.0,49.0,53.0,Free,322,0,No,Low
U00216,21.0,36.0,243.0,33.0,Free,254,5,Yes,Medium
U00217,12.0,15.0,159.0,71.0,Free,529,3,No,Medium
U00218,6.0,14.0,185.0,56.0,Premium,559,9,Yes,Low
U00219,23.0,61.0,219.0,72.0,Free,260,11,No,High
U00220,4.0,29.0,92.0,51.0,Premium,311,6,No,Low
U00221,23.0,6.0,260.0,74.0,Premium,148,10,No,High
U00222,11.0,68.0,77.0,43.0,Basic,395,5,Yes,Low
U00223,24.0,39.0,183.0,15.0,Free,173,4,No,Medium
U00224,17.0,11.0,216.0,38.0,Free,302,9,No,Medium
U00225,6.0,22.0,297.0,15.0,Basic,237,11,Yes,Low
U00226,24.0,46.0,238.0,5.0,Premium,275,11,Yes,Medium
U00227,5.0,43.0,243.0,93.0,Free,64,11,No,Low
U00228,20.0,45.0,227.0,83.0,Premium,300,11,Yes,High
U00229,2.0,28.0,123.0,54.0,Basic,471,1,Yes,Low
U00230,6.0,64.0,268.0,51.0,Premium,239,4,Yes,Low
U00231,22.0,50.0,211.0,10.0,Free,238,8,No,Medium
U00232,11.0,23.0,99.0,12.0,Premium,372,8,Yes,Medium
U00233,16.0,46.0,226.0,4.0,Premium,236,1,No,Medium
U00234,16.0,36.0,280.0,,Free,495,6,Yes,Medium
U00235,1.0,43.0,235.0,18.0,Free,507,9,Yes,Low
U00236,9.0,,123.0,80.0,Premium,596,3,No,Medium
U00237,6.0,40.0,272.0,36.0,Premium,385,2,Yes,Low
U00238,16.0,7.0,,25.0,Basic,432,10,Yes,Low
U00239,3.0,12.0,68.0,87.0,Free,368,0,Yes,Low
U00240,20.0,45.0,15.0,76.0,Premium,206,2,Yes,Low
U00241,4.0,17.0,102.0,98.0,Free,150,10,No,Low
U00242,19.0,53.0,75.0,36.0,Basic,461,8,No,Low
U00243,3.0,64.0,62.0,67.0,Premium,139,8,No,Low
U00244,19.0,6.0,294.0,9.0,Premium,268,6,No,Medium
U00245,20.0,64.0,255.0,61.0,Premium,68,2,No,High
U00246,,9.0,280.0,53.0,Free,495,2,No,Low
U00247,20.0,48.0,54.0,18.0,Basic,45,3,No,Low
U00248,61.0,236.0,220.0,43.0,Free,300,6,Yes,Medium
U00249,1.0,36.0,56.0,35.0,Premium,7,6,No,Low
U00250,8.0,25.0,275.0,63.0,Basic,114,11,No,Low
U00251,7.0,12.0,88.0,98.0,Premium,225,11,No,Low
U00252,18.0,54.0,297.0,78.0,Premium,374,1,Yes,High
U00253,8.0,48.0,130.0,4.0,Free,372,11,No,Low
U00254,1.0,62.0,76.0,93.0,Premium,440,4,No,Low
U00255,11.0,7.0,240.0,41.0,Basic,8,6,No,Medium
U00256,18.0,6.0,60.0,45.0,Premium,248,6,Yes,Low
U00257,23.0,48.0,114.0,50.0,Premium,170,5,No,Medium
U00258,10.0,6.0,196.0,79.0,Free,30,9,Yes,Medium
U00259,3.0,39.0,97.0,28.0,Basic,399,9,Yes,Low
U00260,7.0,34.0,60.0,42.0,Free,478,11,Yes,Low
U00261,16.0,12.0,64.0,80.0,Premium,21,7,Yes,Low
U00262,16.0,26.0,142.0,76.0,Free,96,2,No,Medium
U00263,20.0,48.0,43.0,69.0,Free,487,0,Yes,Low
U00264,17.0,62.0,32.0,98.0,Free,547,2,Yes,Low
U00265,2.0,40.0,53.0,1.0,Free,209,10,No,Low
U00266,1.0,35.0,129.0,39.0,Premium,506,1,Yes,Low
U00267,16.0,51.0,17.0,96.0,Premium,404,1,Yes,Low
U00268,12.0,59.0,40.0,90.0,Basic,211,1,Yes,Low
U00269,5.0,66.0,,17.0,Free,150,4,Yes,Low
U00270,5.0,34.0,286.0,91.0,Free,105,0,Yes,Low
U00271,23.0,59.0,90.0,88.0,Basic,245,9,Yes,Medium
U00272,9.0,20.0,8.0,35.0,Free,167,3,No,Low
U00273,9.0,16.0,227.0,46.0,Basic,177,9,No,Medium
U00274,3.0,21.0,170.0,42.0,Premium,506,4,No,Low
U00275,19.0,20.0,282.0,39.0,Basic,551,1,No,Medium
U00276,16.0,16.0,134.0,90.0,Free,288,4,Yes,Medium
U00277,16.0,12.0,35.0,49.0,Basic,363,9,Yes,Low
U00278,3.0,7.0,,62.0,Premium,385,3,Yes,Low
U00279,20.0,20.0,100.0,38.0,Free,537,7,No,Medium
U00280,24.0,,194.0,23.0,Premium,167,0,No,Medium
U00281,22.0,27.0,196.0,22.0,Premium,311,11,Yes,Medium
U00282,24.0,9.0,270.0,4.0,Basic,343,4,Yes,Medium
U00283,1.0,69.0,,49.0,Premium,59,10,No,Low
U00284,24.0,34.0,242.0,59.0,Free,337,11,No,High
U00285,20.0,25.0,116.0,73.0,Premium,131,9,No,Medium
U00286,11.0,26.0,149.0,68.0,Premium,247,0,No,Medium
U00287,17.0,36.0,69.0,71.0,Basic,413,9,Yes,Low
U00288,8.0,37.0,251.0,87.0,Premium,507,9,No,Low
U00289,4.0,20.0,227.0,2.0,Basic,307,3,No,Low
U00290,6.0,42.0,110.0,49.0,Basic,468,7,Yes,Low
U00291,8.0,18.0,185.0,88.0,Free,239,0,Yes,Low
U00292,20.0,40.0,188.0,95.0,Free,42,10,Yes,High
U00293,3.0,27.0,230.0,31.0,Free,143,1,No,Low
U00294,16.0,,269.0,40.0,Free,199,0,No,Medium
U00295,3.0,69.0,282.0,48.0,Basic,531,10,No,Low
U00296,18.0,56.0,93.0,,Premium,5,6,No,Medium
U00297,14.0,66.0,180.0,43.0,Free,565,1,Yes,Medium
U00298,18.0,27.0,22.0,98.0,Free,100,0,Yes,Low
U00299,2.0,30.0,110.0,,Free,417,11,No,Low
U00300,22.0,59.0,275.0,88.0,Premium,542,5,No,High
U00301,3.0,10.0,171.0,49.0,Free,433,5,No,Low
U00302,16.0,39.0,17.0,90.0,Premium,239,9,Yes,Low
U00303,9.0,26.0,36.0,80.0,Basic,353,1,No,Low
U00304,4.0,47.0,44.0,57.0,Basic,485,0,Yes,Low
U00305,1.0,19.0,152.0,77.0,Basic,400,9,No,Low
U00306,4.0,64.0,222.0,15.0,Premium,355,2,Yes,Low
U00307,64.0,261.0,223.0,27.0,Free,420,9,Yes,Medium
U00308,14.0,53.0,86.0,68.0,Free,55,4,No,Medium
U00309,21.0,46.0,212.0,80.0,Free,85,5,Yes,High
U00310,16.0,42.0,205.0,64.0,Free,40,2,Yes,High
U00311,20.0,49.0,42.0,94.0,Free,71,8,No,Low
U00312,24.0,39.0,215.0,30.0,Premium,485,10,Yes,Medium
U00313,8.0,34.0,253.0,36.0,Basic,472,4,No,Low
U00314,7.0,34.0,231.0,67.0,Free,146,1,Yes,Low
U00315,3.0,10.0,52.0,86.0,Basic,360,9,Yes,Low
U00316,17.0,11.0,22.0,86.0,Premium,475,5,Yes,Low
U00317,1.0,56.0,299.0,49.0,Premium,595,11,Yes,Low
U00318,16.0,18.0,200.0,76.0,Free,443,7,No,High
U00319,12.0,19.0,191.0,55.0,Premium,535,10,No,Medium
U00320,19.0,25.0,228.0,85.0,Basic,131,5,No,High
U00321,22.0,39.0,233.0,56.0,Free,209,3,Yes,High
U00322,23.0,6.0,81.0,68.0,Free,33,5,Yes,Medium
U00323,22.0,39.0,192.0,95.0,Basic,449,7,No,High
U00324,14.0,24.0,274.0,44.0,Free,468,7,No,Medium
U00325,6.0,14.0,99.0,31.0,Free,284,9,No,Low
U00326,6.0,29.0,,58.0,Basic,155,1,No,Low
U00327,13.0,29.0,43.0,87.0,Free,244,7,Yes,Low
U00328,19.0,58.0,76.0,53.0,Free,270,5,No,Low
U00329,22.0,37.0,285.0,84.0,Basic,109,1,Yes,High
U00330,8.0,40.0,164.0,79.0,Premium,437,0,No,Low
U00331,2.0,18.0,191.0,23.0,Basic,501,5,Yes,Low
U00332,21.0,69.0,195.0,28.0,Free,444,6,No,Medium
U00333,1.0,58.0,124.0,16.0,Basic,162,9,No,Low
U00334,15.0,56.0,224.0,37.0,Free,176,4,Yes,Medium
U00335,1.0,7.0,57.0,21.0,Free,498,9,Yes,Low
U00336,5.0,45.0,226.0,79.0,Basic,315,7,No,Low
U00337,16.0,10.0,135.0,17.0,Free,407,10,Yes,Medium
U00338,19.0,29.0,,37.0,Premium,467,11,No,Low
U00339,4.0,17.0,250.0,77.0,Free,371,8,Yes,Low
U00340,3.0,12.0,230.0,19.0,Basic,554,3,No,Low
U00341,17.0,25.0,212.0,30.0,Premium,259,6,No,Medium
U00342,17.0,29.0,100.0,,Premium,212,7,No,Medium
U00343,12.0,49.0,204.0,18.0,Free,454,5,No,Medium
U00344,14.0,64.0,251.0,78.0,Basic,99,1,No,Medium
U00345,21.0,16.0,76.0,62.0,Free,482,6,No,Low
U00346,6.0,36.0,,36.0,Free,194,8,No,Low
U00347,3.0,17.0,10.0,84.0,Basic,488,4,No,Low
U00348,9.0,35.0,210.0,52.0,Basic,540,1,Yes,Medium
U00349,5.0,24.0,36.0,19.0,Free,427,3,Yes,Low
U00350,24.0,22.0,103.0,44.0,Premium,137,2,Yes,Medium
U00351,17.0,64.0,260.0,7.0,Free,59,3,No,Medium
U00352,14.0,67.0,191.0,44.0,Premium,514,9,No,Medium
U00353,21.0,10.0,80.0,68.0,Free,545,6,No,Low
U00354,3.0,36.0,181.0,34.0,Basic,414,9,Yes,Low
U00355,1.0,47.0,291.0,66.0,Premium,215,7,Yes,Low
U00356,20.0,6.0,259.0,69.0,Basic,297,0,Yes,High
U00357,21.0,64.0,194.0,55.0,Basic,119,7,Yes,High
U00358,23.0,27.0,131.0,10.0,Basic,263,4,Yes,Medium
U00359,1.0,35.0,291.0,96.0,Basic,126,11,No,Low
U00360,3.0,9.0,258.0,42.0,Basic,303,6,Yes,Low
U00361,18.0,38.0,217.0,41.0,Free,385,10,No,Medium
U00362,10.0,14.0,254.0,77.0,Premium,565,10,No,Medium
U00363,22.0,6.0,88.0,,Free,505,0,No,Medium
U00364,3.0,15.0,17.0,10.0,Free,301,1,Yes,Low
U00365,8.0,54.0,49.0,10.0,Free,366,0,Yes,Low
U00366,14.0,35.0,131.0,91.0,Basic,593,4,No,Medium
U00367,24.0,60.0,,60.0,Free,467,5,Yes,Low
U00368,18.0,13.0,280.0,51.0,Premium,442,9,Yes,High
U00369,15.0,25.0,209.0,21.0,Free,131,8,No,Medium
U00370,56.0,217.0,277.0,8.0,Basic,201,7,No,Medium
U00371,23.0,66.0,62.0,65.0,Premium,225,6,No,Low
U00372,2.0,11.0,223.0,92.0,Premium,95,11,No,Low
U00373,10.0,20.0,113.0,78.0,Premium,415,4,No,Medium
U00374,2.0,8.0,283.0,85.0,Premium,12,2,Yes,Low
U00375,17.0,8.0,178.0,30.0,Free,548,8,No,Medium
U00376,8.0,44.0,268.0,85.0,Basic,472,4,Yes,Low
U00377,1.0,21.0,115.0,49.0,Premium,324,2,Yes,Low
U00378,9.0,56.0,191.0,,Premium,398,2,No,Medium
U00379,11.0,56.0,273.0,17.0,Basic,273,2,No,Medium
U00380,22.0,40.0,233.0,69.0,Free,195,5,Yes,High
U00381,16.0,42.0,160.0,58.0,Premium,65,0,No,Medium
U00382,7.0,54.0,193.0,57.0,Free,442,10,Yes,Low
U00383,10.0,67.0,276.0,62.0,Free,268,3,No,Medium
U00384,23.0,67.0,6.0,95.0,Free,99,7,No,Low
U00385,3.0,66.0,250.0,52.0,Free,557,2,Yes,Low
U00386,18.0,11.0,214.0,61.0,Premium,474,4,Yes,High
U00387,24.0,31.0,,40.0,Premium,518,1,No,Low
U00388,13.0,18.0,17.0,38.0,Free,198,1,No,Low
U00389,7.0,9.0,100.0,43.0,Free,486,10,No,Low
U00390,4.0,59.0,225.0,63.0,Basic,340,6,Yes,Low
U00391,13.0,6.0,242.0,19.0,Basic,439,9,No,Medium
U00392,20.0,66.0,98.0,50.0,Basic,200,2,No,Medium
U00393,1.0,25.0,273.0,33.0,Premium,253,4,No,Low
U00394,8.0,25.0,175.0,13.0,Basic,502,2,No,Low
U00395,14.0,14.0,98.0,78.0,Premium,216,5,Yes,Medium
U00396,16.0,62.0,153.0,97.0,Premium,470,9,Yes,Medium
U00397,14.0,43.0,116.0,62.0,Premium,225,2,Yes,Medium
U00398,12.0,9.0,59.0,93.0,Premium,277,7,No,Low
U00399,19.0,69.0,120.0,43.0,Basic,158,1,No,Medium
U00400,23.0,17.0,147.0,49.0,Free,253,2,No,Medium
U00401,15.0,57.0,205.0,36.0,Free,283,7,Yes,Medium
U00402,2.0,49.0,,10.0,Free,444,7,Yes,Low
U00403,2.0,36.0,206.0,95.0,Basic,280,0,Yes,Low
U00404,23.0,40.0,57.0,6.0,Free,518,7,Yes,Low
U00405,22.0,64.0,184.0,57.0,Basic,92,9,No,High
U00406,19.0,15.0,141.0,1.0,Basic,509,1,Yes,Medium
U00407,22.0,67.0,186.0,71.0,Basic,594,11,Yes,High
U00408,22.0,25.0,5.0,58.0,Free,245,6,No,Low
U00409,17.0,56.0,48.0,91.0,Free,240,5,Yes,Low
U00410,20.0,59.0,231.0,21.0,Free,132,1,No,Medium
U00411,10.0,30.0,102.0,92.0,Premium,507,4,No,Medium
U00412,6.0,38.0,212.0,80.0,Basic,204,6,No,Low
U00413,15.0,56.0,269.0,56.0,Premium,547,7,No,Medium
U00414,22.0,56.0,292.0,87.0,Basic,506,2,No,High
U00415,11.0,33.0,275.0,20.0,Free,496,0,Yes,Medium
U00416,5.0,42.0,144.0,54.0,Basic,25,6,Yes,Low
U00417,1.0,46.0,241.0,25.0,Basic,238,4,No,Low
U00418,8.0,25.0,76.0,28.0,Premium,420,4,Yes,Low
U00419,21.0,46.0,159.0,5.0,Basic,152,6,No,Medium
U00420,12.0,17.0,194.0,,Free,33,0,Yes,Medium
U00421,12.0,68.0,272.0,18.0,Basic,365,7,Yes,Medium
U00422,5.0,21.0,111.0,47.0,Basic,312,11,Yes,Low
U00423,7.0,13.0,236.0,70.0,Basic,166,9,Yes,Low
U00424,4.0,45.0,46.0,57.0,Premium,65,4,Yes,Low
U00425,6.0,5.0,194.0,93.0,Basic,129,7,Yes,Low
U00426,13.0,6.0,143.0,19.0,Basic,460,9,Yes,Medium
U00427,20.0,64.0,107.0,97.0,Premium,75,9,No,Medium
U00428,15.0,52.0,175.0,65.0,Premium,470,4,No,Medium
U00429,3.0,33.0,277.0,3.0,Premium,247,11,No,Low
U00430,23.0,14.0,225.0,42.0,Premium,494,6,Yes,Medium
U00431,8.0,62.0,217.0,21.0,Free,225,9,Yes,Low
U00432,20.0,64.0,60.0,99.0,Free,477,2,No,Low
U00433,16.0,,106.0,40.0,Basic,537,1,No,Medium
U00434,13.0,32.0,196.0,67.0,Free,498,5,Yes,Medium
U00435,18.0,38.0,204.0,25.0,Basic,86,4,No,Medium
U00436,10.0,12.0,237.0,55.0,Free,526,8,No,Medium
U00437,19.0,63.0,231.0,84.0,Premium,16,9,No,High
U00438,17.0,53.0,143.0,52.0,Premium,267,3,No,Medium
U00439,24.0,21.0,153.0,44.0,Free,453,10,Yes,Medium
U00440,19.0,64.0,119.0,98.0,Free,196,2,No,Medium
U00441,23.0,49.0,67.0,85.0,Basic,118,8,No,Low
U00442,,36.0,108.0,56.0,Basic,30,7,No,Low
U00443,21.0,48.0,160.0,55.0,Basic,503,5,No,Medium
U00444,23.0,69.0,277.0,87.0,Premium,512,0,Yes,High
U00445,9.0,12.0,10.0,70.0,Premium,549,9,No,Low
U00446,12.0,47.0,151.0,,Premium,66,11,No,Medium
U00447,21.0,5.0,188.0,87.0,Premium,233,10,No,High
U00448,1.0,55.0,32.0,73.0,Basic,39,0,No,Low
U00449,1.0,28.0,42.0,81.0,Premium,460,11,No,Low
U00450,15.0,28.0,123.0,66.0,Premium,592,5,Yes,Medium
U00451,2.0,21.0,297.0,19.0,Premium,506,2,No,Low
U00452,22.0,9.0,248.0,83.0,Premium,599,2,No,High
U00453,16.0,24.0,72.0,7.0,Free,29,5,Yes,Low
U00454,8.0,25.0,218.0,63.0,Basic,573,2,No,Low
U00455,,62.0,222.0,42.0,Basic,36,10,Yes,Low
U00456,21.0,35.0,181.0,42.0,Premium,16,9,No,Medium
U00457,1.0,15.0,168.0,,Free,323,5,Yes,Low
U00458,16.0,56.0,62.0,20.0,Basic,5,4,Yes,Low
U00459,7.0,19.0,273.0,73.0,Basic,439,3,No,Low
U00460,5.0,11.0,62.0,17.0,Premium,140,7,Yes,Low
U00461,22.0,32.0,292.0,27.0,Premium,200,1,No,Medium
U00462,23.0,55.0,109.0,47.0,Basic,137,11,Yes,Medium
U00463,3.0,62.0,232.0,2.0,Basic,90,10,Yes,Low
U00464,12.0,9.0,251.0,63.0,Free,480,6,No,Medium
U00465,16.0,9.0,192.0,62.0,Basic,328,3,Yes,High
U00466,19.0,12.0,87.0,,Basic,184,1,No,Medium
U00467,5.0,68.0,190.0,17.0,Premium,520,6,Yes,Low
U00468,22.0,14.0,256.0,69.0,Basic,179,0,Yes,High
U00469,14.0,42.0,242.0,39.0,Premium,25,3,No,Medium
U00470,5.0,12.0,188.0,82.0,Basic,109,8,No,Low
U00471,,29.0,288.0,71.0,Basic,582,3,Yes,Low
U00472,17.0,54.0,214.0,81.0,Basic,447,11,No,High
U00473,14.0,53.0,101.0,39.0,Free,53,2,No,Medium
U00474,20.0,40.0,212.0,36.0,Premium,532,9,Yes,Medium
U00475,5.0,45.0,141.0,40.0,Free,149,9,Yes,Low
U00476,12.0,66.0,188.0,,Basic,344,1,No,Medium
U00477,16.0,14.0,80.0,4.0,Free,358,2,Yes,Low
U00478,16.0,25.0,291.0,25.0,Premium,79,0,No,Medium
U00479,21.0,40.0,146.0,69.0,Basic,582,9,No,Medium
U00480,7.0,16.0,241.0,30.0,Free,323,7,No,Low
U00481,4.0,6.0,29.0,76.0,Free,91,0,No,Low
U00482,1.0,17.0,294.0,68.0,Premium,557,2,No,Low
U00483,5.0,57.0,71.0,88.0,Free,46,2,No,Low
U00484,23.0,36.0,254.0,29.0,Premium,97,1,Yes,Medium
U00485,10.0,20.0,122.0,73.0,Basic,511,4,No,Medium
U00486,22.0,36.0,77.0,68.0,Basic,533,9,Yes,Low
U00487,5.0,36.0,286.0,51.0,Free,269,2,No,Low
U00488,4.0,15.0,14.0,24.0,Basic,296,2,Yes,Low
U00489,2.0,14.0,215.0,14.0,Basic,468,7,Yes,Low
U00490,20.0,19.0,156.0,69.0,Free,564,3,Yes,Medium
U00491,10.0,21.0,9.0,18.0,Basic,101,3,No,Low
U00492,19.0,44.0,199.0,42.0,Free,99,2,Yes,Medium
U00493,1.0,22.0,287.0,57.0,Premium,330,10,Yes,Low
U00494,24.0,59.0,117.0,83.0,Premium,78,0,No,Medium
U00495,5.0,29.0,275.0,12.0,Premium,340,7,Yes,Low
U00496,13.0,63.0,167.0,82.0,Free,72,0,Yes,Medium
U00497,4.0,26.0,,17.0,Free,81,6,No,Low
U00498,16.0,34.0,185.0,30.0,Basic,212,4,Yes,Medium
U00499,24.0,48.0,48.0,88.0,Basic,225,3,Yes,Low
U00500,16.0,36.0,,75.0,Basic,266,3,No,Low
U00501,23.0,55.0,179.0,99.0,Basic,414,7,Yes,Medium
U00502,2.0,50.0,166.0,23.0,Basic,335,10,Yes,Low
U00503,17.0,25.0,144.0,81.0,Free,348,10,Yes,Medium
U00504,20.0,36.0,136.0,1.0,Free,78,5,Yes,Medium
U00505,24.0,43.0,91.0,,Premium,258,11,No,Medium
U00506,12.0,16.0,180.0,32.0,Premium,336,0,No,Medium
U00507,18.0,51.0,187.0,9.0,Premium,402,9,No,Medium
U00508,3.0,22.0,133.0,15.0,Premium,349,7,No,Low
U00509,1.0,25.0,250.0,28.0,Free,588,1,Yes,Low
U00510,1.0,17.0,93.0,24.0,Free,459,5,No,Low
U00511,19.0,25.0,70.0,60.0,Free,119,8,No,Low
U00512,11.0,12.0,162.0,35.0,Basic,317,0,Yes,Medium
U00513,5.0,50.0,153.0,86.0,Basic,232,5,Yes,Low
U00514,12.0,11.0,120.0,27.0,Premium,249,7,Yes,Medium
U00515,3.0,27.0,218.0,83.0,Basic,530,9,No,Low
U00516,1.0,26.0,298.0,76.0,Free,532,1,Yes,Low
U00517,1.0,26.0,257.0,20.0,Premium,431,4,Yes,Low
U00518,8.0,33.0,147.0,65.0,Premium,46,5,Yes,Low
U00519,10.0,17.0,254.0,85.0,Basic,469,4,No,Medium
U00520,11.0,6.0,29.0,49.0,Premium,282,2,No,Low
U00521,12.0,33.0,281.0,1.0,Basic,23,3,No,Medium
U00522,13.0,56.0,,,Basic,70,6,No,Low
U00523,12.0,,117.0,47.0,Premium,171,3,No,Medium
U00524,14.0,54.0,116.0,59.0,Basic,589,8,No,Medium
U00525,2.0,27.0,95.0,96.0,Basic,407,10,No,Low
U00526,19.0,48.0,22.0,62.0,Basic,413,11,Yes,Low
U00527,18.0,26.0,153.0,86.0,Basic,116,9,Yes,Medium
U00528,3.0,47.0,231.0,18.0,Premium,278,1,Yes,Low
U00529,23.0,41.0,218.0,,Free,411,4,No,Medium
U00530,17.0,65.0,155.0,32.0,Free,377,7,No,Medium
U00531,8.0,60.0,196.0,27.0,Basic,43,4,Yes,Low
U00532,10.0,7.0,44.0,92.0,Basic,109,9,Yes,Low
U00533,2.0,67.0,246.0,18.0,Basic,328,11,No,Low
U00534,19.0,23.0,142.0,39.0,Free,418,7,No,Medium
U00535,9.0,27.0,184.0,49.0,Basic,433,7,No,Medium
U00536,7.0,33.0,204.0,93.0,Premium,65,8,No,Low
U00537,,34.0,207.0,82.0,Premium,311,9,No,Low
U00538,21.0,43.0,65.0,44.0,Premium,358,5,No,Low
U00539,18.0,29.0,196.0,72.0,Free,397,11,No,High
U00540,13.0,12.0,9.0,54.0,Basic,208,3,No,Low
U00541,67.0,283.0,241.0,95.0,Basic,262,11,Yes,High
U00542,24.0,20.0,185.0,34.0,Basic,490,10,No,Medium
U00543,4.0,5.0,41.0,71.0,Free,521,2,No,Low
U00544,21.0,9.0,60.0,36.0,Free,450,11,No,Low
U00545,4.0,7.0,241.0,18.0,Free,184,4,Yes,Low
U00546,10.0,69.0,201.0,38.0,Free,346,5,Yes,Medium
U00547,5.0,8.0,77.0,59.0,Premium,137,2,No,Low
U00548,9.0,68.0,63.0,9.0,Free,447,1,Yes,Low
U00549,91.0,296.0,244.0,73.0,Free,257,6,Yes,High
U00550,3.0,25.0,6.0,72.0,Free,269,10,Yes,Low
U00551,17.0,50.0,192.0,51.0,Basic,97,4,No,High
U00552,3.0,31.0,34.0,35.0,Basic,415,8,No,Low
U00553,16.0,45.0,271.0,82.0,Basic,142,2,No,High
U00554,4.0,17.0,112.0,5.0,Premium,212,7,No,Low
U00555,18.0,13.0,94.0,14.0,Premium,577,5,No,Medium
U00556,17.0,40.0,209.0,92.0,Free,311,3,No,High
U00557,7.0,62.0,224.0,30.0,Basic,270,11,No,Low
U00558,24.0,58.0,98.0,4.0,Premium,322,11,Yes,Medium
U00559,23.0,16.0,107.0,39.0,Basic,117,8,No,Medium
U00560,5.0,18.0,227.0,84.0,Premium,382,4,No,Low
U00561,12.0,38.0,190.0,64.0,Premium,458,9,No,Medium
U00562,17.0,57.0,188.0,25.0,Free,195,5,No,Medium
U00563,23.0,24.0,166.0,28.0,Free,444,8,No,Medium
U00564,13.0,20.0,251.0,76.0,Premium,191,6,No,Medium
U00565,23.0,60.0,35.0,66.0,Free,371,11,No,Low
U00566,3.0,62.0,56.0,78.0,Premium,93,4,No,Low
U00567,9.0,8.0,80.0,22.0,Premium,191,1,Yes,Low
U00568,,8.0,282.0,31.0,Basic,136,3,Yes,Low
U00569,17.0,24.0,44.0,23.0,Free,564,1,No,Low
U00570,,14.0,105.0,48.0,Free,380,2,No,Low
U00571,16.0,28.0,115.0,20.0,Free,103,9,Yes,Medium
U00572,22.0,30.0,253.0,38.0,Basic,38,11,No,Medium
U00573,13.0,41.0,195.0,55.0,Basic,586,2,No,Medium
U00574,19.0,58.0,186.0,68.0,Basic,175,3,Yes,High
U00575,17.0,25.0,213.0,79.0,Free,370,5,No,High
U00576,4.0,42.0,26.0,88.0,Free,63,11,No,Low
U00577,12.0,50.0,170.0,,Free,185,2,No,Medium
U00578,9.0,8.0,103.0,1.0,Basic,23,9,Yes,Medium
U00579,19.0,64.0,,7.0,Basic,230,0,Yes,Low
U00580,12.0,61.0,12.0,57.0,Premium,477,0,No,Low
U00581,9.0,49.0,194.0,95.0,Basic,99,8,Yes,Medium
U00582,7.0,24.0,179.0,12.0,Premium,301,8,Yes,Low
U00583,14.0,21.0,277.0,5.0,Free,597,4,Yes,Medium
U00584,20.0,8.0,21.0,50.0,Basic,179,8,No,Low
U00585,19.0,18.0,94.0,42.0,Free,226,10,Yes,Medium
U00586,15.0,7.0,145.0,12.0,Free,58,6,Yes,Medium
U00587,16.0,62.0,149.0,18.0,Free,407,8,Yes,Medium
U00588,21.0,59.0,170.0,66.0,Free,322,11,No,Medium
U00589,5.0,8.0,82.0,74.0,Basic,353,6,Yes,Low
U00590,3.0,28.0,266.0,79.0,Free,447,8,Yes,Low
U00591,12.0,38.0,167.0,94.0,Premium,584,1,No,Medium
U00592,20.0,34.0,18.0,17.0,Basic,544,10,Yes,Low
U00593,21.0,23.0,243.0,68.0,Free,286,10,Yes,High
U00594,4.0,35.0,76.0,71.0,Basic,364,7,Yes,Low
U00595,21.0,64.0,147.0,62.0,Premium,12,6,No,Medium
U00596,23.0,64.0,287.0,41.0,Free,567,5,No,Medium
U00597,16.0,23.0,273.0,95.0,Premium,495,4,Yes,High
U00598,7.0,53.0,245.0,34.0,Free,345,3,Yes,Low
U00599,13.0,67.0,249.0,70.0,Premium,476,6,Yes,Medium
U00600,21.0,26.0,167.0,45.0,Free,253,2,Yes,Medium
U00601,10.0,28.0,64.0,58.0,Basic,239,7,Yes,Low
U00602,7.0,34.0,10.0,51.0,Free,87,1,Yes,Low
U00603,14.0,62.0,201.0,34.0,Basic,97,0,No,Medium
U00604,5.0,35.0,62.0,44.0,Free,398,10,Yes,Low
U00605,,68.0,221.0,15.0,Free,272,1,Yes,Low
U00606,23.0,23.0,30.0,78.0,Premium,421,8,Yes,Low
U00607,11.0,52.0,9.0,70.0,Premium,587,4,No,Low
U00608,11.0,49.0,24.0,50.0,Premium,533,10,Yes,Low
U00609,18.0,59.0,202.0,32.0,Free,257,7,No,Medium
U00610,15.0,59.0,63.0,67.0,Free,126,2,Yes,Low
U00611,,22.0,246.0,3.0,Free,14,6,Yes,Low
U00612,9.0,67.0,150.0,86.0,Basic,320,1,Yes,Medium
U00613,10.0,51.0,277.0,86.0,Basic,277,7,Yes,Medium
U00614,12.0,61.0,253.0,74.0,Free,310,6,Yes,Medium
U00615,17.0,49.0,18.0,51.0,Premium,214,11,Yes,Low
U00616,6.0,37.0,17.0,67.0,Premium,468,4,No,Low
U00617,7.0,21.0,48.0,76.0,Premium,420,11,Yes,Low
U00618,14.0,8.0,23.0,93.0,Free,220,10,Yes,Low
U00619,13.0,24.0,67.0,48.0,Premium,84,3,Yes,Low
U00620,8.0,51.0,243.0,17.0,Free,484,0,No,Low
U00621,10.0,19.0,104.0,7.0,Basic,551,4,Yes,Medium
U00622,9.0,51.0,167.0,13.0,Premium,22,11,No,Medium
U00623,18.0,13.0,126.0,66.0,Basic,169,8,Yes,Medium
U00624,2.0,20.0,48.0,4.0,Premium,529,9,Yes,Low
U00625,5.0,65.0,149.0,10.0,Free,206,3,No,Low
U00626,5.0,14.0,54.0,88.0,Free,350,8,No,Low
U00627,6.0,54.0,69.0,17.0,Free,370,11,Yes,Low
U00628,19.0,7.0,292.0,52.0,Free,452,1,No,High
U00629,8.0,55.0,168.0,6.0,Premium,517,3,No,Low
U00630,16.0,23.0,145.0,83.0,Basic,323,8,Yes,Medium
U00631,13.0,46.0,132.0,69.0,Free,221,3,Yes,Medium
U00632,1.0,39.0,243.0,96.0,Premium,38,4,Yes,Low
U00633,22.0,50.0,191.0,74.0,Basic,270,10,No,High
U00634,20.0,30.0,212.0,,Free,84,7,Yes,Medium
U00635,17.0,68.0,224.0,91.0,Basic,417,0,Yes,High
U00636,7.0,41.0,194.0,77.0,Free,256,0,No,Low
U00637,13.0,53.0,288.0,83.0,Basic,16,8,No,Medium
U00638,4.0,25.0,241.0,21.0,Basic,405,8,Yes,Low
U00639,4.0,68.0,,24.0,Free,286,3,No,Low
U00640,6.0,9.0,291.0,4.0,Premium,116,1,No,Low
U00641,19.0,8.0,263.0,24.0,Basic,382,8,No,Medium
U00642,12.0,43.0,250.0,59.0,Free,272,3,Yes,Medium
U00643,22.0,39.0,140.0,99.0,Basic,302,5,Yes,Medium
U00644,7.0,5.0,284.0,3.0,Basic,321,11,Yes,Low
U00645,10.0,28.0,275.0,68.0,Premium,574,0,No,Medium
U00646,19.0,61.0,175.0,40.0,Basic,513,11,Yes,Medium
U00647,7.0,45.0,163.0,48.0,Basic,550,8,Yes,Low
U00648,3.0,58.0,205.0,54.0,Free,369,4,No,Low
U00649,13.0,50.0,49.0,,Free,551,2,No,Low
U00650,13.0,64.0,268.0,95.0,Premium,275,3,Yes,Medium
U00651,18.0,64.0,75.0,56.0,Basic,478,0,No,Low
U00652,20.0,61.0,107.0,89.0,Basic,541,8,Yes,Medium
U00653,8.0,35.0,,40.0,Basic,238,7,Yes,Low
U00654,9.0,28.0,290.0,77.0,Premium,63,3,Yes,Medium
U00655,7.0,40.0,234.0,68.0,Basic,255,1,No,Low
U00656,1.0,34.0,150.0,46.0,Free,90,8,No,Low
U00657,3.0,28.0,201.0,78.0,Premium,394,3,Yes,Low
U00658,13.0,34.0,225.0,13.0,Free,184,8,Yes,Medium
U00659,,11.0,64.0,27.0,Free,153,9,Yes,Low
U00660,24.0,39.0,102.0,6.0,Premium,587,2,Yes,Medium
U00661,1.0,59.0,175.0,17.0,Free,125,6,No,Low
U00662,6.0,18.0,177.0,36.0,Basic,260,6,Yes,Low
U00663,21.0,14.0,155.0,99.0,Premium,313,9,Yes,Medium
U00664,6.0,20.0,126.0,81.0,Free,63,3,No,Low
U00665,12.0,58.0,112.0,2.0,Basic,73,1,Yes,Medium
U00666,13.0,48.0,8.0,77.0,Basic,450,10,Yes,Low
U00667,13.0,49.0,97.0,52.0,Free,392,8,Yes,Medium
U00668,15.0,60.0,10.0,66.0,Basic,90,3,Yes,Low
U00669,21.0,61.0,292.0,52.0,Premium,231,7,Yes,High
U00670,16.0,25.0,110.0,92.0,Free,597,1,No,Medium
U00671,22.0,54.0,150.0,43.0,Basic,188,7,No,Medium
U00672,21.0,37.0,275.0,90.0,Basic,326,10,No,High
U00673,11.0,11.0,100.0,22.0,Free,322,9,No,Medium
U00674,5.0,19.0,233.0,55.0,Free,570,4,Yes,Low
U00675,4.0,36.0,206.0,67.0,Free,403,6,No,Low
U00676,3.0,24.0,216.0,99.0,Free,297,6,No,Low
U00677,19.0,19.0,10.0,60.0,Premium,297,11,No,Low
U00678,20.0,52.0,116.0,58.0,Free,489,8,No,Medium
U00679,18.0,25.0,110.0,12.0,Premium,451,2,No,Medium
U00680,15.0,46.0,143.0,88.0,Premium,416,9,No,Medium
U00681,9.0,30.0,100.0,69.0,Free,512,3,No,Medium
U00682,17.0,18.0,218.0,84.0,Premium,248,9,No,High
U00683,14.0,61.0,295.0,39.0,Free,424,3,Yes,Medium
U00684,15.0,41.0,26.0,13.0,Free,158,9,No,Low
U00685,1.0,62.0,197.0,41.0,Basic,428,4,Yes,Low
U00686,21.0,25.0,154.0,57.0,Free,277,5,No,Medium
U00687,22.0,7.0,251.0,53.0,Basic,524,2,No,High
U00688,22.0,41.0,271.0,12.0,Premium,132,3,No,Medium
U00689,3.0,53.0,255.0,13.0,Basic,377,2,Yes,Low
U00690,16.0,23.0,7.0,74.0,Premium,572,1,Yes,Low
U00691,23.0,16.0,80.0,97.0,Free,163,9,No,Low
U00692,11.0,65.0,91.0,57.0,Premium,575,11,Yes,Medium
U00693,85.0,170.0,274.0,40.0,Premium,574,8,No,Medium
U00694,10.0,37.0,229.0,80.0,Free,180,0,Yes,Medium
U00695,16.0,54.0,22.0,45.0,Premium,215,1,Yes,Low
U00696,8.0,37.0,117.0,35.0,Free,451,7,Yes,Low
U00697,6.0,28.0,,3.0,Basic,590,6,No,Low
U00698,12.0,65.0,237.0,5.0,Free,171,11,Yes,Medium
U00699,24.0,65.0,283.0,90.0,Free,464,0,Yes,High
U00700,21.0,32.0,206.0,11.0,Premium,361,4,No,Medium
U00701,8.0,62.0,87.0,71.0,Basic,308,9,Yes,Low
U00702,4.0,47.0,,56.0,Free,237,5,No,Low
U00703,8.0,45.0,179.0,10.0,Basic,331,4,No,Low
U00704,18.0,43.0,73.0,34.0,Basic,186,3,Yes,Low
U00705,5.0,53.0,51.0,67.0,Premium,338,0,No,Low
U00706,9.0,21.0,260.0,72.0,Free,33,6,Yes,Medium
U00707,4.0,69.0,219.0,31.0,Premium,97,8,Yes,Low
U00708,22.0,9.0,34.0,75.0,Free,334,5,No,Low
U00709,17.0,6.0,285.0,71.0,Basic,188,2,Yes,High
U00710,9.0,26.0,241.0,66.0,Free,99,9,Yes,Medium
U00711,1.0,61.0,252.0,70.0,Free,357,3,No,Low
U00712,21.0,20.0,29.0,41.0,Basic,269,9,No,Low
U00713,20.0,55.0,78.0,63.0,Basic,23,4,Yes,Low
U00714,13.0,43.0,210.0,32.0,Free,503,11,No,Medium
U00715,16.0,44.0,98.0,20.0,Premium,143,11,No,Medium
U00716,13.0,42.0,131.0,57.0,Free,577,0,No,Medium
U00717,14.0,64.0,29.0,98.0,Basic,529,4,No,Low
U00718,3.0,63.0,120.0,50.0,Premium,259,0,Yes,Low
U00719,6.0,14.0,52.0,80.0,Basic,89,8,Yes,Low
U00720,18.0,68.0,230.0,25.0,Basic,462,6,No,Medium
U00721,19.0,67.0,270.0,12.0,Premium,536,2,Yes,Medium
U00722,5.0,53.0,103.0,71.0,Basic,566,8,No,Low
U00723,15.0,68.0,15.0,39.0,Basic,96,1,No,Low
U00724,2.0,36.0,89.0,17.0,Basic,73,11,Yes,Low
U00725,10.0,11.0,218.0,45.0,Basic,41,6,Yes,Medium
U00726,24.0,25.0,177.0,11.0,Basic,144,8,Yes,Medium
U00727,18.0,24.0,213.0,70.0,Basic,570,5,Yes,High
U00728,13.0,30.0,68.0,23.0,Basic,182,9,No,Low
U00729,,19.0,262.0,91.0,Basic,141,4,No,Low
U00730,23.0,18.0,125.0,70.0,Basic,194,11,Yes,Medium
U00731,24.0,31.0,58.0,38.0,Free,346,6,No,Low
U00732,1.0,44.0,276.0,2.0,Free,563,5,Yes,Low
U00733,22.0,62.0,245.0,86.0,Basic,9,4,Yes,High
U00734,1.0,32.0,247.0,,Free,261,1,Yes,Low
U00735,18.0,30.0,22.0,89.0,Premium,247,7,No,Low
U00736,15.0,67.0,191.0,79.0,Free,419,6,No,Medium
U00737,17.0,29.0,148.0,93.0,Basic,347,5,Yes,Medium
U00738,11.0,7.0,266.0,72.0,Basic,383,4,Yes,Medium
U00739,21.0,48.0,243.0,37.0,Free,598,4,Yes,Medium
U00740,22.0,46.0,80.0,49.0,Basic,150,8,Yes,Low
U00741,17.0,10.0,192.0,52.0,Premium,327,0,No,High
U00742,13.0,43.0,250.0,33.0,Premium,126,8,No,Medium
U00743,1.0,56.0,134.0,22.0,Basic,256,5,Yes,Low
U00744,2.0,27.0,287.0,5.0,Premium,315,3,Yes,Low
U00745,9.0,54.0,83.0,18.0,Premium,479,9,No,Medium
U00746,3.0,47.0,76.0,38.0,Free,574,6,Yes,Low
U00747,1.0,23.0,267.0,37.0,Premium,496,8,No,Low
U00748,21.0,55.0,195.0,94.0,Free,579,4,No,High
U00749,16.0,15.0,67.0,95.0,Basic,351,4,Yes,Low
U00750,23.0,16.0,16.0,64.0,Free,491,7,No,Low
U00751,6.0,12.0,145.0,10.0,Basic,477,6,No,Low
U00752,17.0,28.0,258.0,79.0,Basic,386,7,No,High
U00753,5.0,45.0,,42.0,Basic,284,10,No,Low
U00754,5.0,40.0,21.0,48.0,Basic,76,11,Yes,Low
U00755,6.0,59.0,67.0,44.0,Basic,525,9,No,Low
U00756,3.0,13.0,257.0,82.0,Free,370,1,No,Low
U00757,21.0,51.0,296.0,87.0,Basic,98,8,No,High
U00758,23.0,19.0,12.0,97.0,Premium,377,2,Yes,Low
U00759,5.0,52.0,94.0,16.0,Premium,343,5,Yes,Low
U00760,21.0,46.0,212.0,54.0,Basic,441,5,Yes,High
U00761,5.0,64.0,296.0,35.0,Premium,340,1,No,Low
U00762,10.0,16.0,288.0,98.0,Free,496,11,Yes,Medium
U00763,10.0,,122.0,28.0,Free,44,6,Yes,Medium
U00764,19.0,11.0,179.0,2.0,Basic,363,8,Yes,Medium
U00765,17.0,7.0,80.0,94.0,Basic,578,11,No,Low
U00766,21.0,7.0,105.0,13.0,Basic,258,9,Yes,Medium
U00767,14.0,31.0,155.0,41.0,Premium,585,10,Yes,Medium
U00768,9.0,44.0,274.0,80.0,Premium,402,0,Yes,Medium
U00769,14.0,37.0,75.0,59.0,Free,174,7,No,Low
U00770,1.0,5.0,184.0,69.0,Premium,515,1,No,Low
U00771,19.0,12.0,128.0,,Free,264,0,Yes,Medium
U00772,13.0,36.0,297.0,53.0,Premium,588,7,Yes,Medium
U00773,13.0,52.0,289.0,45.0,Free,463,1,Yes,Medium
U00774,4.0,8.0,199.0,20.0,Basic,533,5,No,Low
U00775,1.0,23.0,232.0,24.0,Premium,345,5,No,Low
U00776,17.0,36.0,279.0,61.0,Free,61,4,Yes,High
U00777,8.0,13.0,110.0,91.0,Premium,222,7,No,Low
U00778,2.0,16.0,25.0,94.0,Basic,468,2,Yes,Low
U00779,8.0,15.0,68.0,58.0,Free,251,9,No,Low
U00780,7.0,50.0,169.0,27.0,Premium,377,3,Yes,Low
U00781,2.0,20.0,31.0,26.0,Premium,421,6,No,Low
U00782,22.0,5.0,289.0,7.0,Basic,35,6,Yes,Medium
U00783,22.0,67.0,152.0,42.0,Basic,372,11,No,Medium
U00784,3.0,25.0,285.0,47.0,Free,563,7,Yes,Low
U00785,,34.0,168.0,53.0,Premium,112,1,Yes,Low
U00786,,17.0,228.0,59.0,Premium,588,10,Yes,Low
U00787,1.0,38.0,276.0,38.0,Basic,422,11,Yes,Low
U00788,22.0,8.0,150.0,69.0,Basic,402,1,No,Medium
U00789,12.0,32.0,34.0,87.0,Free,276,3,Yes,Low
U00790,5.0,63.0,49.0,92.0,Premium,120,9,No,Low
U00791,17.0,31.0,279.0,98.0,Premium,590,8,No,High
U00792,16.0,29.0,38.0,53.0,Free,260,9,Yes,Low
U00793,15.0,7.0,145.0,15.0,Free,85,11,Yes,Medium
U00794,23.0,29.0,225.0,96.0,Basic,132,8,Yes,High
U00795,15.0,24.0,26.0,26.0,Basic,239,3,Yes,Low
U00796,5.0,38.0,184.0,48.0,Free,557,8,No,Low
U00797,21.0,30.0,235.0,95.0,Free,185,2,No,High
U00798,14.0,9.0,42.0,19.0,Premium,161,11,No,Low
U00799,2.0,65.0,74.0,9.0,Free,458,4,No,Low
U00800,11.0,13.0,120.0,64.0,Free,575,9,Yes,Medium
U00801,19.0,54.0,243.0,93.0,Premium,28,8,No,High
U00802,7.0,10.0,152.0,54.0,Free,477,5,Yes,Low
U00803,6.0,64.0,13.0,51.0,Basic,404,2,Yes,Low
U00804,2.0,48.0,292.0,39.0,Basic,596,9,No,Low
U00805,6.0,15.0,54.0,4.0,Premium,138,8,No,Low
U00806,18.0,51.0,9.0,3.0,Free,425,5,No,Low
U00807,2.0,7.0,130.0,64.0,Basic,217,3,No,Low
U00808,18.0,34.0,79.0,29.0,Basic,486,3,No,Low
U00809,15.0,25.0,169.0,11.0,Basic,352,7,No,Medium
U00810,19.0,32.0,282.0,97.0,Basic,170,6,Yes,High
U00811,2.0,66.0,294.0,58.0,Free,352,0,Yes,Low
U00812,20.0,37.0,81.0,75.0,Free,402,5,Yes,Medium
U00813,6.0,,141.0,27.0,Free,587,7,No,Low
U00814,1.0,56.0,110.0,97.0,Free,439,2,Yes,Low
U00815,24.0,38.0,,21.0,Basic,581,8,Yes,Low
U00816,15.0,45.0,139.0,39.0,Premium,225,9,Yes,Medium
U00817,23.0,55.0,72.0,95.0,Premium,312,1,Yes,Low
U00818,10.0,51.0,151.0,,Basic,470,5,Yes,Medium
U00819,19.0,62.0,163.0,66.0,Basic,103,11,Yes,Medium
U00820,17.0,61.0,167.0,91.0,Premium,246,0,No,Medium
U00821,84.0,277.0,193.0,36.0,Premium,162,11,No,Medium
U00822,4.0,52.0,99.0,75.0,Basic,558,10,No,Low
U00823,10.0,26.0,185.0,82.0,Basic,231,1,Yes,Medium
U00824,24.0,21.0,292.0,65.0,Free,427,4,No,High
U00825,17.0,15.0,191.0,63.0,Free,76,0,No,High
U00826,10.0,19.0,142.0,99.0,Premium,247,7,Yes,Medium
U00827,17.0,39.0,134.0,35.0,Basic,534,0,No,Medium
U00828,20.0,37.0,198.0,31.0,Premium,593,8,Yes,Medium
U00829,,20.0,277.0,28.0,Free,49,9,No,Low
U00830,5.0,38.0,148.0,1.0,Free,476,10,Yes,Low
U00831,2.0,44.0,20.0,25.0,Premium,375,2,Yes,Low
U00832,6.0,32.0,,43.0,Free,96,11,No,Low
U00833,21.0,51.0,111.0,84.0,Basic,26,1,Yes,Medium
U00834,2.0,43.0,92.0,67.0,Premium,176,0,No,Low
U00835,13.0,24.0,133.0,63.0,Basic,196,8,Yes,Medium
U00836,11.0,5.0,8.0,51.0,Basic,81,3,No,Low
U00837,11.0,67.0,99.0,2.0,Free,285,11,No,Medium
U00838,16.0,8.0,213.0,82.0,Basic,368,0,Yes,High
U00839,11.0,62.0,229.0,64.0,Premium,183,0,No,Medium
U00840,19.0,29.0,51.0,74.0,Basic,242,6,No,Low
U00841,15.0,51.0,185.0,69.0,Basic,139,1,No,Medium
U00842,23.0,42.0,110.0,9.0,Basic,284,6,Yes,Medium
U00843,23.0,19.0,203.0,2.0,Basic,23,11,Yes,Medium
U00844,16.0,,110.0,,Basic,599,6,No,Medium
U00845,11.0,25.0,284.0,60.0,Free,375,9,No,Medium
U00846,22.0,61.0,264.0,61.0,Premium,116,8,Yes,High
U00847,16.0,57.0,112.0,31.0,Free,225,6,Yes,Medium
U00848,8.0,50.0,23.0,10.0,Premium,308,0,No,Low
U00849,4.0,,175.0,76.0,Premium,329,11,Yes,Low
U00850,8.0,21.0,199.0,36.0,Premium,441,7,Yes,Low
U00851,4.0,43.0,16.0,85.0,Premium,442,7,No,Low
U00852,24.0,13.0,199.0,49.0,Premium,174,3,Yes,Medium
U00853,58.0,221.0,287.0,70.0,Basic,379,7,Yes,High
U00854,3.0,27.0,186.0,49.0,Free,561,3,Yes,Low
U00855,18.0,63.0,148.0,3.0,Free,385,7,No,Medium
U00856,19.0,50.0,186.0,74.0,Basic,18,4,Yes,High
U00857,19.0,42.0,34.0,5.0,Premium,504,3,No,Low
U00858,21.0,18.0,88.0,90.0,Free,395,5,Yes,Medium
U00859,5.0,66.0,170.0,61.0,Basic,553,1,Yes,Low
U00860,18.0,39.0,288.0,85.0,Basic,569,11,No,High
U00861,10.0,,285.0,90.0,Free,534,1,No,Medium
U00862,22.0,34.0,100.0,26.0,Free,496,1,No,Medium
U00863,21.0,29.0,270.0,72.0,Premium,554,8,No,High
U00864,6.0,44.0,229.0,5.0,Premium,389,9,Yes,Low
U00865,1.0,18.0,46.0,15.0,Free,200,2,No,Low
U00866,5.0,30.0,250.0,16.0,Premium,304,9,No,Low
U00867,9.0,26.0,212.0,1.0,Basic,551,3,No,Medium
U00868,12.0,52.0,241.0,16.0,Premium,312,9,Yes,Medium
U00869,14.0,,26.0,37.0,Premium,256,11,Yes,Low
U00870,2.0,7.0,189.0,3.0,Basic,12,7,No,Low
U00871,17.0,46.0,246.0,52.0,Premium,212,3,No,High
U00872,14.0,23.0,287.0,47.0,Basic,135,10,No,Medium
U00873,13.0,32.0,45.0,95.0,Premium,30,9,No,Low
U00874,9.0,49.0,166.0,13.0,Free,458,9,Yes,Medium
U00875,15.0,67.0,164.0,80.0,Premium,190,6,No,Medium
U00876,22.0,23.0,93.0,55.0,Free,488,4,Yes,Medium
U00877,15.0,51.0,16.0,21.0,Free,55,8,No,Low
U00878,24.0,18.0,77.0,66.0,Free,9,3,No,Low
U00879,11.0,42.0,80.0,54.0,Free,593,2,Yes,Low
U00880,16.0,57.0,205.0,27.0,Free,164,1,No,Medium
U00881,17.0,65.0,14.0,38.0,Basic,212,0,No,Low
U00882,4.0,40.0,230.0,90.0,Basic,261,10,No,Low
U00883,1.0,44.0,180.0,58.0,Basic,209,5,No,Low
U00884,8.0,34.0,280.0,62.0,Free,15,9,Yes,Low
U00885,17.0,13.0,43.0,46.0,Premium,12,1,No,Low
U00886,3.0,68.0,64.0,89.0,Basic,413,7,No,Low
U00887,20.0,37.0,70.0,11.0,Premium,36,5,Yes,Low
U00888,15.0,56.0,128.0,72.0,Premium,544,11,No,Medium
U00889,15.0,18.0,168.0,8.0,Free,391,11,Yes,Medium
U00890,24.0,57.0,163.0,97.0,Free,232,4,No,Medium
U00891,22.0,63.0,61.0,71.0,Free,479,1,No,Low
U00892,14.0,45.0,82.0,64.0,Basic,211,6,No,Medium
U00893,23.0,12.0,198.0,21.0,Free,322,1,Yes,Medium
U00894,14.0,6.0,289.0,72.0,Basic,561,4,Yes,Medium
U00895,24.0,45.0,19.0,63.0,Basic,352,1,No,Low
U00896,2.0,59.0,16.0,85.0,Basic,238,10,Yes,Low
U00897,13.0,20.0,105.0,64.0,Basic,48,9,No,Medium
U00898,14.0,66.0,160.0,20.0,Free,146,10,Yes,Medium
U00899,24.0,52.0,129.0,8.0,Basic,180,10,No,Medium
U00900,19.0,34.0,284.0,58.0,Free,453,1,Yes,High
U00901,7.0,16.0,114.0,46.0,Free,596,6,No,Low
U00902,3.0,39.0,150.0,31.0,Basic,86,8,Yes,Low
U00903,15.0,15.0,220.0,93.0,Free,139,4,Yes,Medium
U00904,23.0,68.0,166.0,9.0,Premium,181,6,Yes,Medium
U00905,14.0,54.0,132.0,15.0,Free,387,3,Yes,Medium
U00906,11.0,25.0,154.0,94.0,Free,247,1,No,Medium
U00907,15.0,52.0,40.0,26.0,Basic,571,2,No,Low
U00908,13.0,24.0,177.0,10.0,Basic,145,1,Yes,Medium
U00909,18.0,48.0,26.0,29.0,Free,461,4,No,Low
U00910,6.0,37.0,210.0,80.0,Basic,444,5,Yes,Low
U00911,3.0,65.0,131.0,36.0,Premium,60,6,No,Low
U00912,19.0,13.0,221.0,84.0,Premium,531,2,Yes,High
U00913,15.0,39.0,100.0,37.0,Basic,423,3,No,Medium
U00914,23.0,69.0,168.0,86.0,Free,92,7,No,Medium
U00915,5.0,12.0,152.0,71.0,Premium,12,3,Yes,Low
U00916,10.0,49.0,22.0,23.0,Premium,481,6,Yes,Low
U00917,7.0,51.0,298.0,41.0,Free,219,11,Yes,Low
U00918,17.0,44.0,199.0,93.0,Basic,556,5,Yes,High
U00919,7.0,58.0,155.0,80.0,Premium,501,6,Yes,Low
U00920,22.0,50.0,127.0,28.0,Free,507,0,No,Medium
U00921,12.0,51.0,191.0,48.0,Free,249,2,Yes,Medium
U00922,17.0,19.0,153.0,,Premium,482,5,No,Medium
U00923,13.0,23.0,108.0,31.0,Basic,313,2,Yes,Medium
U00924,20.0,30.0,247.0,14.0,Premium,235,6,No,Medium
U00925,4.0,56.0,235.0,97.0,Free,387,8,No,Low
U00926,10.0,26.0,210.0,73.0,Premium,159,2,Yes,Medium
U00927,,25.0,202.0,91.0,Basic,179,0,Yes,Low
U00928,9.0,55.0,91.0,88.0,Free,119,9,No,Medium
U00929,13.0,42.0,146.0,77.0,Basic,394,5,No,Medium
U00930,18.0,24.0,203.0,90.0,Premium,315,11,Yes,High
U00931,15.0,33.0,50.0,29.0,Premium,304,0,No,Low
U00932,4.0,55.0,292.0,51.0,Basic,22,0,No,Low
U00933,15.0,8.0,19.0,49.0,Premium,16,7,No,Low
U00934,22.0,59.0,48.0,43.0,Basic,408,8,No,Low
U00935,2.0,32.0,173.0,92.0,Premium,236,1,No,Low
U00936,15.0,8.0,48.0,92.0,Basic,282,8,No,Low
U00937,8.0,26.0,102.0,72.0,Basic,357,4,Yes,Low
U00938,8.0,49.0,265.0,87.0,Free,307,7,Yes,Low
U00939,17.0,38.0,113.0,93.0,Free,545,6,Yes,Medium
U00940,12.0,59.0,287.0,5.0,Basic,474,6,Yes,Medium
U00941,19.0,5.0,108.0,42.0,Premium,81,3,No,Medium
U00942,10.0,42.0,260.0,7.0,Premium,525,1,Yes,Medium
U00943,9.0,10.0,210.0,42.0,Premium,28,4,No,Medium
U00944,5.0,29.0,47.0,36.0,Basic,19,10,No,Low
U00945,6.0,21.0,,27.0,Basic,529,10,Yes,Low
U00946,20.0,65.0,291.0,58.0,Basic,351,2,Yes,High
U00947,2.0,16.0,277.0,46.0,Basic,176,8,No,Low
U00948,24.0,10.0,87.0,66.0,Free,331,5,Yes,Medium
U00949,13.0,31.0,114.0,25.0,Basic,489,0,Yes,Medium
U00950,6.0,12.0,,73.0,Premium,493,2,No,Low
U00951,5.0,69.0,292.0,27.0,Free,466,11,No,Low
U00952,1.0,61.0,255.0,1.0,Premium,382,3,No,Low
U00953,21.0,44.0,216.0,87.0,Basic,592,8,No,High
U00954,22.0,18.0,295.0,74.0,Free,168,10,No,High
U00955,21.0,39.0,137.0,42.0,Basic,376,5,No,Medium
U00956,6.0,52.0,205.0,52.0,Free,577,3,Yes,Low
U00957,6.0,60.0,289.0,25.0,Premium,428,0,Yes,Low
U00958,23.0,53.0,99.0,54.0,Basic,481,7,Yes,Medium
U00959,16.0,17.0,282.0,67.0,Basic,386,10,No,High
U00960,4.0,65.0,223.0,6.0,Free,159,1,No,Low
U00961,11.0,53.0,93.0,58.0,Free,261,10,Yes,Medium
U00962,24.0,50.0,76.0,70.0,Basic,72,10,Yes,Low
U00963,23.0,66.0,251.0,53.0,Free,348,7,Yes,High
U00964,9.0,12.0,133.0,66.0,Basic,281,5,No,Medium
U00965,73.0,275.0,216.0,58.0,Free,395,7,Yes,High
U00966,3.0,24.0,100.0,82.0,Premium,453,5,Yes,Low
U00967,19.0,43.0,79.0,87.0,Free,263,4,Yes,Low
U00968,8.0,53.0,58.0,2.0,Premium,311,4,No,Low
U00969,5.0,68.0,58.0,76.0,Free,99,9,Yes,Low
U00970,4.0,66.0,222.0,22.0,Free,468,9,Yes,Low
U00971,24.0,58.0,20.0,37.0,Basic,250,10,No,Low
U00972,6.0,13.0,103.0,20.0,Free,191,7,No,Low
U00973,2.0,41.0,24.0,24.0,Free,377,6,No,Low
U00974,20.0,53.0,50.0,84.0,Premium,576,7,No,Low
U00975,11.0,45.0,197.0,65.0,Free,410,11,No,Medium
U00976,,21.0,62.0,65.0,Basic,412,7,Yes,Low
U00977,15.0,25.0,115.0,81.0,Premium,129,6,Yes,Medium
U00978,6.0,55.0,133.0,1.0,Basic,341,1,No,Low
U00979,22.0,63.0,198.0,94.0,Basic,345,10,No,High
U00980,17.0,43.0,12.0,3.0,Basic,567,8,No,Low
U00981,24.0,59.0,33.0,46.0,Basic,182,6,No,Low
U00982,6.0,45.0,116.0,55.0,Premium,174,11,Yes,Low
U00983,19.0,43.0,165.0,75.0,Free,43,10,Yes,Medium
U00984,2.0,17.0,135.0,88.0,Basic,73,5,No,Low
U00985,15.0,68.0,192.0,86.0,Premium,240,8,No,Medium
U00986,11.0,15.0,167.0,64.0,Basic,564,0,No,Medium
U00987,8.0,23.0,201.0,45.0,Free,385,10,No,Low
U00988,19.0,15.0,208.0,26.0,Premium,61,1,Yes,Medium
U00989,13.0,50.0,216.0,77.0,Premium,281,0,No,Medium
U00990,12.0,49.0,113.0,65.0,Free,103,9,No,Medium
U00991,5.0,5.0,280.0,24.0,Premium,531,11,Yes,Low
U00992,6.0,44.0,77.0,74.0,Free,329,2,No,Low
U00993,22.0,23.0,171.0,35.0,Premium,465,10,Yes,Medium
U00994,4.0,65.0,264.0,24.0,Premium,183,4,No,Low
U00995,19.0,16.0,247.0,28.0,Free,578,0,No,Medium
U00996,20.0,65.0,279.0,80.0,Free,123,3,Yes,High
U00997,1.0,37.0,106.0,16.0,Premium,473,7,No,Low
U00998,20.0,49.0,177.0,59.0,Premium,553,5,Yes,Medium
U00999,17.0,12.0,175.0,81.0,Free,459,0,Yes,Medium
U01000,12.0,29.0,145.0,54.0,Free,30,11,Yes,Medium
U01001,15.0,50.0,192.0,79.0,Premium,494,0,No,Medium
U01002,1.0,34.0,90.0,16.0,Premium,12,2,No,Low
U01003,14.0,51.0,56.0,15.0,Premium,520,9,Yes,Low
U01004,6.0,53.0,115.0,98.0,Free,537,7,No,Low
U01005,5.0,51.0,47.0,11.0,Premium,153,10,No,Low
U01006,11.0,22.0,215.0,65.0,Basic,492,10,No,Medium
U01007,4.0,37.0,204.0,79.0,Free,29,7,Yes,Low
U01008,13.0,40.0,244.0,90.0,Premium,559,2,Yes,Medium
U01009,11.0,23.0,119.0,68.0,Free,429,6,No,Medium
U01010,3.0,32.0,30.0,43.0,Basic,297,11,Yes,Low
U01011,1.0,44.0,81.0,69.0,Free,189,2,No,Low
U01012,6.0,19.0,141.0,99.0,Premium,558,3,No,Low
U01013,18.0,45.0,24.0,13.0,Basic,435,8,No,Low
U01014,24.0,43.0,215.0,10.0,Basic,321,3,Yes,Medium
U01015,10.0,6.0,244.0,75.0,Premium,402,2,Yes,Medium
U01016,5.0,67.0,43.0,82.0,Premium,328,4,No,Low
U01017,23.0,33.0,272.0,98.0,Premium,569,6,Yes,High
U01018,10.0,55.0,211.0,41.0,Free,550,4,No,Medium
U01019,12.0,14.0,271.0,50.0,Free,80,3,Yes,Medium
U01020,2.0,18.0,158.0,87.0,Free,490,7,Yes,Low
U01021,13.0,55.0,46.0,71.0,Premium,92,3,Yes,Low
U01022,8.0,43.0,15.0,59.0,Premium,236,1,No,Low
U01023,2.0,32.0,298.0,39.0,Free,11,9,No,Low
U01024,20.0,7.0,102.0,3.0,Basic,554,5,No,Medium
U01025,1.0,31.0,279.0,76.0,Free,56,1,Yes,Low
U01026,5.0,6.0,234.0,7.0,Basic,400,2,No,Low
U01027,9.0,42.0,224.0,49.0,Premium,225,0,No,Medium
U01028,17.0,7.0,69.0,26.0,Premium,432,4,No,Low
U01029,9.0,20.0,236.0,33.0,Free,147,8,No,Medium
U01030,11.0,44.0,56.0,48.0,Free,367,1,Yes,Low
U01031,15.0,6.0,267.0,79.0,Premium,386,11,Yes,Medium
U01032,24.0,45.0,271.0,2.0,Free,565,6,No,Medium
U01033,6.0,16.0,158.0,71.0,Premium,281,4,Yes,Low
U01034,23.0,39.0,144.0,32.0,Premium,275,1,Yes,Medium
U01035,3.0,69.0,55.0,4.0,Basic,18,7,Yes,Low
U01036,17.0,59.0,121.0,20.0,Free,302,10,Yes,Medium
U01037,5.0,49.0,50.0,36.0,Premium,468,5,Yes,Low
U01038,12.0,66.0,92.0,32.0,Free,531,3,No,Medium
U01039,18.0,53.0,212.0,28.0,Basic,238,3,Yes,Medium
U01040,14.0,29.0,273.0,77.0,Basic,579,1,No,Medium
U01041,21.0,27.0,93.0,1.0,Free,31,2,No,Medium
U01042,24.0,28.0,122.0,60.0,Free,475,6,No,Medium
U01043,11.0,42.0,58.0,56.0,Premium,97,2,Yes,Low
U01044,9.0,32.0,120.0,35.0,Basic,313,4,Yes,Medium
U01045,2.0,25.0,122.0,30.0,Basic,56,9,Yes,Low
U01046,12.0,58.0,264.0,54.0,Basic,323,5,Yes,Medium
U01047,3.0,22.0,79.0,36.0,Free,185,5,No,Low
U01048,3.0,40.0,11.0,55.0,Premium,573,3,No,Low
U01049,1.0,49.0,126.0,89.0,Free,124,5,No,Low
U01050,,57.0,15.0,80.0,Free,47,2,Yes,Low
U01051,22.0,34.0,219.0,58.0,Free,264,6,No,High
U01052,8.0,64.0,283.0,83.0,Premium,201,6,No,Low
U01053,11.0,36.0,32.0,65.0,Free,259,3,No,Low
U01054,9.0,32.0,239.0,69.0,Basic,340,1,Yes,Medium
U01055,5.0,48.0,30.0,51.0,Basic,557,10,No,Low
U01056,14.0,45.0,58.0,22.0,Basic,506,6,No,Low
U01057,3.0,67.0,33.0,88.0,Premium,259,2,Yes,Low
U01058,21.0,27.0,168.0,53.0,Free,518,0,No,Medium
U01059,5.0,52.0,274.0,36.0,Premium,246,1,Yes,Low
U01060,5.0,36.0,39.0,68.0,Free,153,9,No,Low
U01061,19.0,61.0,290.0,36.0,Basic,303,8,Yes,Medium
U01062,14.0,37.0,277.0,52.0,Free,457,11,Yes,Medium
U01063,4.0,28.0,212.0,53.0,Free,397,7,Yes,Low
U01064,13.0,43.0,242.0,82.0,Free,216,5,No,Medium
U01065,10.0,38.0,97.0,50.0,Premium,542,5,No,Medium
U01066,18.0,60.0,177.0,80.0,Free,598,0,Yes,Medium
U01067,8.0,32.0,83.0,41.0,Free,599,1,Yes,Low
U01068,8.0,41.0,114.0,18.0,Free,135,3,Yes,Low
U01069,7.0,,221.0,22.0,Premium,333,2,Yes,Low
U01070,8.0,41.0,110.0,66.0,Premium,260,0,Yes,Low
U01071,14.0,60.0,51.0,21.0,Premium,483,7,Yes,Low
U01072,19.0,69.0,185.0,44.0,Free,565,6,Yes,Medium
U01073,6.0,69.0,68.0,47.0,Basic,67,3,Yes,Low
U01074,1.0,51.0,250.0,39.0,Basic,315,11,Yes,Low
U01075,23.0,24.0,248.0,29.0,Basic,411,11,Yes,Medium
U01076,15.0,23.0,91.0,54.0,Free,109,8,Yes,Medium
U01077,1.0,33.0,221.0,90.0,Basic,19,10,Yes,Low
U01078,17.0,64.0,11.0,85.0,Basic,263,3,No,Low
U01079,1.0,22.0,282.0,17.0,Basic,416,0,Yes,Low
U01080,15.0,39.0,214.0,80.0,Free,263,9,No,Medium
U01081,23.0,,173.0,60.0,Basic,264,0,No,Medium
U01082,2.0,15.0,142.0,31.0,Basic,49,0,No,Low
U01083,14.0,53.0,234.0,73.0,Free,335,0,Yes,Medium
U01084,21.0,42.0,165.0,95.0,Premium,169,3,No,Medium
U01085,8.0,68.0,5.0,78.0,Basic,197,0,Yes,Low
U01086,8.0,12.0,240.0,49.0,Premium,525,1,No,Low
U01087,19.0,38.0,192.0,2.0,Basic,405,3,Yes,Medium
U01088,7.0,,8.0,48.0,Free,378,6,Yes,Low
U01089,19.0,60.0,136.0,14.0,Premium,69,1,No,Medium
U01090,6.0,69.0,222.0,59.0,Premium,391,7,No,Low
U01091,6.0,35.0,264.0,97.0,Premium,499,6,Yes,Low
U01092,3.0,8.0,5.0,99.0,Premium,419,8,No,Low
U01093,7.0,54.0,75.0,58.0,Basic,34,5,Yes,Low
U01094,19.0,34.0,182.0,58.0,Basic,270,3,Yes,High
U01095,8.0,63.0,193.0,51.0,Premium,332,5,Yes,Low
U01096,10.0,49.0,295.0,84.0,Basic,496,3,No,Medium
U01097,20.0,8.0,12.0,2.0,Premium,221,6,Yes,Low
U01098,15.0,30.0,257.0,41.0,Premium,324,8,Yes,Medium
U01099,15.0,31.0,296.0,83.0,Free,403,2,Yes,Medium
U01100,1.0,50.0,248.0,82.0,Premium,109,2,Yes,Low
U01101,20.0,68.0,127.0,16.0,Basic,334,1,No,Medium
U01102,7.0,55.0,287.0,4.0,Premium,51,0,No,Low
U01103,4.0,54.0,36.0,12.0,Free,318,0,No,Low
U01104,,10.0,150.0,29.0,Basic,151,2,No,Low
U01105,1.0,63.0,160.0,7.0,Free,466,6,Yes,Low
U01106,5.0,19.0,20.0,14.0,Free,588,10,Yes,Low
U01107,23.0,34.0,51.0,12.0,Premium,490,8,Yes,Low
U01108,1.0,46.0,255.0,99.0,Free,414,1,Yes,Low
U01109,4.0,41.0,191.0,5.0,Free,31,6,Yes,Low
U01110,,46.0,35.0,81.0,Basic,33,0,Yes,Low
U01111,2.0,39.0,264.0,32.0,Free,275,1,No,Low
U01112,10.0,10.0,21.0,74.0,Premium,505,5,Yes,Low
U01113,5.0,22.0,43.0,43.0,Premium,257,10,Yes,Low
U01114,10.0,33.0,43.0,81.0,Premium,389,4,Yes,Low
U01115,1.0,63.0,136.0,69.0,Free,64,7,No,Low
U01116,22.0,51.0,34.0,45.0,Basic,111,11,Yes,Low
U01117,6.0,21.0,162.0,9.0,Premium,224,10,Yes,Low
U01118,13.0,26.0,282.0,49.0,Free,445,1,Yes,Medium
U01119,15.0,41.0,207.0,33.0,Premium,568,0,No,Medium
U01120,4.0,53.0,70.0,18.0,Premium,576,6,Yes,Low
U01121,13.0,17.0,112.0,9.0,Basic,550,5,Yes,Medium
U01122,24.0,38.0,272.0,62.0,Premium,100,7,No,High
U01123,20.0,57.0,226.0,57.0,Basic,93,10,Yes,High
U01124,24.0,55.0,296.0,29.0,Free,235,7,No,Medium
U01125,15.0,7.0,22.0,78.0,Premium,279,1,Yes,Low
U01126,8.0,46.0,94.0,25.0,Free,250,7,No,Low
U01127,5.0,36.0,185.0,,Free,115,5,Yes,Low
U01128,15.0,55.0,259.0,6.0,Free,238,8,Yes,Medium
U01129,4.0,50.0,257.0,42.0,Premium,282,11,No,Low
U01130,12.0,25.0,261.0,29.0,Basic,481,6,Yes,Medium
U01131,13.0,48.0,91.0,79.0,Premium,421,1,Yes,Medium
U01132,2.0,15.0,94.0,93.0,Free,132,7,No,Low
U01133,,5.0,241.0,4.0,Basic,241,8,Yes,Low
U01134,19.0,67.0,74.0,82.0,Free,132,6,No,Low
U01135,4.0,28.0,48.0,57.0,Basic,398,3,Yes,Low
U01136,4.0,17.0,204.0,49.0,Premium,479,8,No,Low
U01137,11.0,15.0,156.0,44.0,Basic,399,3,Yes,Medium
U01138,5.0,55.0,90.0,80.0,Premium,115,11,Yes,Low
U01139,20.0,21.0,23.0,75.0,Free,94,3,No,Low
U01140,11.0,28.0,105.0,14.0,Basic,284,8,Yes,Medium
U01141,10.0,23.0,99.0,3.0,Free,337,7,No,Medium
U01142,8.0,41.0,258.0,62.0,Basic,228,3,No,Low
U01143,6.0,12.0,34.0,64.0,Premium,105,7,No,Low
U01144,6.0,32.0,253.0,45.0,Basic,136,7,Yes,Low
U01145,8.0,9.0,37.0,82.0,Basic,17,6,Yes,Low
U01146,23.0,21.0,233.0,58.0,Premium,461,9,Yes,High
U01147,15.0,40.0,16.0,20.0,Premium,445,5,No,Low
U01148,14.0,23.0,122.0,58.0,Premium,102,7,No,Medium
U01149,11.0,68.0,159.0,89.0,Basic,124,6,No,Medium
U01150,12.0,15.0,250.0,57.0,Free,297,4,Yes,Medium
U01151,13.0,58.0,251.0,77.0,Basic,5,11,No,Medium
U01152,8.0,49.0,33.0,68.0,Basic,576,3,Yes,Low
U01153,18.0,51.0,165.0,78.0,Free,254,11,Yes,Medium
U01154,1.0,16.0,239.0,97.0,Premium,153,1,Yes,Low
U01155,15.0,25.0,194.0,92.0,Basic,399,10,Yes,Medium
U01156,8.0,,121.0,52.0,Free,48,7,Yes,Low
U01157,11.0,9.0,275.0,37.0,Premium,48,8,Yes,Medium
U01158,12.0,60.0,262.0,8.0,Premium,82,3,Yes,Medium
U01159,12.0,24.0,184.0,44.0,Basic,230,3,Yes,Medium
U01160,4.0,45.0,176.0,98.0,Premium,166,4,No,Low
U01161,16.0,50.0,,5.0,Premium,257,1,Yes,Low
U01162,4.0,16.0,263.0,69.0,Free,136,6,Yes,Low
U01163,5.0,21.0,139.0,31.0,Free,452,4,No,Low
U01164,24.0,23.0,,45.0,Premium,478,5,No,Low
U01165,5.0,30.0,214.0,9.0,Free,113,3,No,Low
U01166,8.0,52.0,240.0,32.0,Premium,39,7,No,Low
U01167,10.0,56.0,190.0,33.0,Basic,471,7,Yes,Medium
U01168,17.0,59.0,99.0,67.0,Free,279,11,No,Medium
U01169,9.0,37.0,15.0,30.0,Premium,191,4,No,Low
U01170,22.0,66.0,72.0,76.0,Premium,247,11,No,Low
U01171,19.0,27.0,214.0,29.0,Free,268,5,No,Medium
U01172,14.0,19.0,200.0,3.0,Free,526,2,Yes,Medium
U01173,8.0,31.0,,90.0,Basic,545,0,No,Low
U01174,9.0,68.0,97.0,57.0,Premium,91,8,No,Medium
U01175,22.0,55.0,26.0,30.0,Basic,539,8,No,Low
U01176,11.0,57.0,176.0,9.0,Basic,214,2,No,Medium
U01177,23.0,55.0,138.0,26.0,Basic,50,3,Yes,Medium
U01178,1.0,51.0,29.0,2.0,Free,471,6,No,Low
U01179,14.0,8.0,189.0,62.0,Basic,544,1,No,Medium
U01180,5.0,11.0,,3.0,Free,30,11,No,Low
U01181,21.0,39.0,59.0,46.0,Free,270,2,Yes,Low
U01182,14.0,52.0,255.0,68.0,Basic,179,5,No,Medium
U01183,4.0,49.0,148.0,25.0,Basic,520,10,No,Low
U01184,22.0,23.0,171.0,51.0,Premium,315,7,Yes,Medium
U01185,23.0,67.0,228.0,13.0,Basic,326,0,No,Medium
U01186,1.0,42.0,224.0,44.0,Premium,583,3,Yes,Low
U01187,22.0,63.0,183.0,35.0,Basic,139,0,Yes,Medium
U01188,23.0,17.0,123.0,55.0,Basic,59,1,No,Medium
U01189,19.0,51.0,269.0,87.0,Basic,547,7,No,High
U01190,8.0,65.0,154.0,9.0,Basic,590,5,Yes,Low
U01191,15.0,35.0,219.0,2.0,Premium,535,8,Yes,Medium
U01192,21.0,26.0,201.0,61.0,Premium,160,1,No,High
U01193,15.0,47.0,46.0,41.0,Basic,151,2,Yes,Low
U01194,9.0,58.0,57.0,44.0,Basic,489,8,Yes,Low
U01195,21.0,14.0,255.0,64.0,Premium,24,8,No,High
U01196,9.0,46.0,299.0,31.0,Free,273,5,Yes,Medium
U01197,10.0,68.0,275.0,47.0,Free,337,2,Yes,Medium
U01198,20.0,25.0,127.0,2.0,Free,559,4,Yes,Medium
U01199,21.0,45.0,270.0,96.0,Premium,405,1,Yes,High
U01200,9.0,28.0,33.0,82.0,Premium,310,6,Yes,Low
U01201,3.0,39.0,39.0,77.0,Free,32,9,Yes,Low
U01202,,60.0,10.0,69.0,Free,471,10,No,Low
U01203,11.0,34.0,115.0,,Basic,264,7,Yes,Medium
U01204,6.0,61.0,298.0,44.0,Premium,538,5,No,Low
U01205,2.0,51.0,81.0,74.0,Premium,105,7,No,Low
U01206,7.0,39.0,151.0,56.0,Free,555,1,No,Low
U01207,18.0,23.0,71.0,43.0,Free,357,2,No,Low
U01208,2.0,12.0,12.0,89.0,Premium,304,6,No,Low
U01209,17.0,30.0,126.0,34.0,Basic,300,9,No,Medium
U01210,11.0,34.0,179.0,30.0,Free,357,11,No,Medium
U01211,12.0,11.0,183.0,71.0,Premium,134,0,No,Medium
U01212,19.0,69.0,89.0,70.0,Premium,160,6,Yes,Medium
U01213,22.0,40.0,49.0,55.0,Basic,78,5,No,Low
U01214,24.0,29.0,140.0,67.0,Basic,346,7,No,Medium
U01215,7.0,41.0,20.0,13.0,Free,469,6,No,Low
U01216,20.0,5.0,199.0,,Free,94,3,Yes,Medium
U01217,6.0,19.0,13.0,26.0,Free,583,2,No,Low
U01218,21.0,41.0,19.0,57.0,Premium,459,2,Yes,Low
U01219,24.0,17.0,106.0,24.0,Free,336,3,No,Medium
U01220,1.0,12.0,230.0,53.0,Premium,352,8,No,Low
U01221,17.0,9.0,282.0,70.0,Free,237,8,Yes,High
U01222,11.0,64.0,117.0,43.0,Basic,106,1,No,Medium
U01223,22.0,5.0,5.0,60.0,Basic,485,4,Yes,Low
U01224,18.0,40.0,270.0,58.0,Premium,218,0,Yes,High
U01225,21.0,39.0,212.0,49.0,Basic,112,3,No,Medium
U01226,17.0,67.0,114.0,42.0,Premium,169,1,No,Medium
U01227,7.0,27.0,204.0,76.0,Premium,339,7,Yes,Low
U01228,17.0,13.0,16.0,66.0,Basic,90,3,Yes,Low
U01229,20.0,38.0,192.0,11.0,Premium,428,4,No,Medium
U01230,9.0,50.0,158.0,98.0,Basic,368,10,No,Medium
U01231,17.0,8.0,283.0,90.0,Free,64,3,No,High
U01232,20.0,34.0,175.0,18.0,Free,486,4,Yes,Medium
U01233,,7.0,138.0,85.0,Basic,254,4,No,Low
U01234,22.0,18.0,29.0,52.0,Basic,564,4,Yes,Low
U01235,8.0,64.0,22.0,46.0,Basic,121,10,No,Low
U01236,17.0,49.0,194.0,44.0,Basic,549,2,Yes,Medium
U01237,7.0,38.0,145.0,22.0,Free,48,6,Yes,Low
U01238,1.0,49.0,47.0,53.0,Premium,513,2,No,Low
U01239,13.0,65.0,288.0,59.0,Premium,169,1,Yes,Medium
U01240,23.0,20.0,150.0,94.0,Free,372,2,Yes,Medium
U01241,19.0,44.0,96.0,30.0,Premium,296,10,Yes,Medium
U01242,24.0,21.0,183.0,8.0,Free,290,2,Yes,Medium
U01243,19.0,38.0,60.0,98.0,Premium,208,7,Yes,Low
U01244,17.0,20.0,159.0,57.0,Basic,528,3,No,Medium
U01245,13.0,64.0,164.0,73.0,Basic,125,2,No,Medium
U01246,16.0,17.0,115.0,20.0,Basic,192,9,Yes,Medium
U01247,59.0,213.0,141.0,25.0,Free,17,4,No,Medium
U01248,19.0,35.0,236.0,19.0,Free,204,3,Yes,Medium
U01249,18.0,38.0,224.0,5.0,Premium,590,8,Yes,Medium
U01250,1.0,43.0,72.0,75.0,Premium,460,7,No,Low
U01251,14.0,,253.0,79.0,Premium,452,10,Yes,Medium
U01252,19.0,,10.0,72.0,Free,75,6,Yes,Low
U01253,15.0,31.0,284.0,83.0,Premium,594,7,Yes,Medium
U01254,18.0,57.0,98.0,87.0,Basic,134,4,No,Medium
U01255,2.0,43.0,273.0,27.0,Premium,47,3,No,Low
U01256,22.0,69.0,201.0,40.0,Basic,524,6,Yes,Medium
U01257,17.0,21.0,29.0,96.0,Free,17,0,Yes,Low
U01258,18.0,34.0,152.0,26.0,Basic,539,5,Yes,Medium
U01259,6.0,,122.0,27.0,Basic,306,7,Yes,Low
U01260,19.0,17.0,70.0,62.0,Basic,531,6,Yes,Low
U01261,4.0,,179.0,83.0,Free,577,1,No,Low
U01262,1.0,23.0,80.0,50.0,Free,119,6,No,Low
U01263,8.0,57.0,118.0,42.0,Free,464,5,No,Low
U01264,23.0,23.0,115.0,29.0,Free,509,4,No,Medium
U01265,7.0,61.0,253.0,39.0,Premium,312,3,Yes,Low
U01266,3.0,29.0,207.0,60.0,Free,329,0,Yes,Low
U01267,10.0,35.0,151.0,41.0,Basic,583,1,No,Medium
U01268,10.0,59.0,39.0,33.0,Free,179,6,No,Low
U01269,19.0,27.0,30.0,83.0,Premium,518,9,Yes,Low
U01270,14.0,36.0,242.0,83.0,Premium,176,2,No,Medium
U01271,2.0,66.0,18.0,97.0,Premium,506,4,Yes,Low
U01272,1.0,14.0,49.0,16.0,Basic,338,7,Yes,Low
U01273,23.0,58.0,220.0,23.0,Free,288,7,Yes,Medium
U01274,23.0,56.0,237.0,7.0,Free,479,5,No,Medium
U01275,18.0,24.0,197.0,26.0,Free,58,4,No,Medium
U01276,7.0,36.0,55.0,96.0,Basic,462,1,No,Low
U01277,8.0,18.0,218.0,12.0,Basic,583,8,No,Low
U01278,1.0,54.0,155.0,72.0,Premium,424,0,No,Low
U01279,23.0,32.0,279.0,,Premium,413,10,Yes,Medium
U01280,3.0,57.0,80.0,92.0,Free,308,1,No,Low
U01281,24.0,28.0,224.0,69.0,Basic,563,0,Yes,High
U01282,23.0,26.0,191.0,49.0,Basic,226,11,Yes,Medium
U01283,8.0,34.0,293.0,26.0,Free,537,3,Yes,Low
U01284,22.0,67.0,32.0,5.0,Free,162,3,No,Low
U01285,15.0,8.0,184.0,22.0,Premium,352,4,No,Medium
U01286,5.0,63.0,257.0,79.0,Premium,163,4,No,Low
U01287,3.0,12.0,130.0,13.0,Premium,239,7,No,Low
U01288,19.0,16.0,181.0,28.0,Free,409,10,No,Medium
U01289,1.0,35.0,41.0,33.0,Free,261,10,No,Low
U01290,15.0,38.0,103.0,23.0,Premium,593,2,No,Medium
U01291,8.0,53.0,102.0,97.0,Premium,562,5,No,Low
U01292,2.0,61.0,131.0,18.0,Basic,51,11,Yes,Low
U01293,3.0,30.0,172.0,30.0,Basic,217,11,No,Low
U01294,24.0,22.0,84.0,26.0,Premium,483,2,Yes,Medium
U01295,14.0,42.0,298.0,16.0,Premium,491,1,Yes,Medium
U01296,24.0,54.0,130.0,77.0,Basic,575,7,Yes,Medium
U01297,14.0,12.0,154.0,39.0,Premium,570,0,Yes,Medium
U01298,11.0,45.0,20.0,33.0,Basic,346,8,No,Low
U01299,16.0,10.0,32.0,26.0,Basic,528,10,No,Low
U01300,4.0,48.0,177.0,48.0,Basic,507,6,Yes,Low
U01301,20.0,68.0,50.0,65.0,Free,10,11,Yes,Low
U01302,5.0,33.0,240.0,38.0,Free,148,9,Yes,Low
U01303,22.0,32.0,218.0,2.0,Premium,265,11,No,Medium
U01304,21.0,15.0,89.0,6.0,Basic,589,10,Yes,Medium
U01305,14.0,69.0,286.0,46.0,Free,236,3,Yes,Medium
U01306,23.0,23.0,236.0,50.0,Premium,274,2,No,Medium
U01307,16.0,13.0,89.0,38.0,Premium,451,5,Yes,Medium
U01308,18.0,31.0,69.0,,Premium,226,8,No,Low
U01309,7.0,38.0,138.0,18.0,Premium,56,8,No,Low
U01310,10.0,48.0,155.0,27.0,Premium,120,3,Yes,Medium
U01311,7.0,19.0,119.0,41.0,Basic,542,9,Yes,Low
U01312,1.0,55.0,68.0,72.0,Premium,569,4,Yes,Low
U01313,23.0,17.0,162.0,92.0,Basic,545,10,No,Medium
U01314,21.0,53.0,81.0,74.0,Free,23,8,No,Medium
U01315,72.0,279.0,150.0,17.0,Premium,396,1,No,Medium
U01316,16.0,55.0,229.0,62.0,Free,423,1,Yes,High
U01317,19.0,41.0,107.0,29.0,Basic,313,4,Yes,Medium
U01318,4.0,21.0,92.0,58.0,Basic,190,0,Yes,Low
U01319,18.0,62.0,172.0,70.0,Free,265,7,Yes,Medium
U01320,2.0,33.0,174.0,78.0,Premium,532,4,Yes,Low
U01321,1.0,37.0,139.0,22.0,Premium,277,11,Yes,Low
U01322,15.0,64.0,54.0,6.0,Free,164,9,No,Low
U01323,5.0,59.0,138.0,26.0,Free,228,1,No,Low
U01324,20.0,14.0,141.0,39.0,Free,260,11,No,Medium
U01325,11.0,51.0,249.0,12.0,Premium,184,8,Yes,Medium
U01326,10.0,27.0,113.0,99.0,Premium,24,1,No,Medium
U01327,2.0,25.0,291.0,14.0,Premium,472,6,No,Low
U01328,3.0,17.0,25.0,22.0,Free,214,7,No,Low
U01329,23.0,37.0,94.0,51.0,Premium,517,5,Yes,Medium
U01330,23.0,28.0,116.0,23.0,Basic,62,10,Yes,Medium
U01331,12.0,15.0,81.0,48.0,Free,97,6,No,Medium
U01332,20.0,21.0,181.0,71.0,Premium,225,10,Yes,High
U01333,5.0,51.0,152.0,50.0,Free,236,0,Yes,Low
U01334,5.0,29.0,105.0,89.0,Basic,368,3,Yes,Low
U01335,6.0,25.0,250.0,13.0,Basic,566,6,Yes,Low
U01336,9.0,16.0,121.0,85.0,Free,378,0,No,Medium
U01337,2.0,41.0,96.0,10.0,Free,460,0,Yes,Low
U01338,21.0,46.0,,55.0,Basic,92,10,No,Low
U01339,12.0,21.0,29.0,9.0,Free,24,5,No,Low
U01340,3.0,52.0,62.0,79.0,Basic,18,3,Yes,Low
U01341,20.0,32.0,138.0,52.0,Basic,137,2,Yes,Medium
U01342,22.0,45.0,253.0,2.0,Premium,38,11,Yes,Medium
U01343,12.0,51.0,42.0,25.0,Free,212,4,No,Low
U01344,24.0,22.0,79.0,13.0,Free,203,8,No,Low
U01345,17.0,17.0,146.0,98.0,Premium,596,9,No,Medium
U01346,10.0,17.0,172.0,51.0,Basic,587,9,No,Medium
U01347,24.0,35.0,263.0,58.0,Free,159,11,No,High
U01348,14.0,6.0,229.0,34.0,Premium,594,11,No,Medium
U01349,23.0,20.0,156.0,35.0,Premium,82,10,No,Medium
U01350,17.0,13.0,23.0,3.0,Free,176,9,Yes,Low
U01351,18.0,42.0,150.0,59.0,Premium,293,2,No,Medium
U01352,19.0,58.0,245.0,70.0,Basic,549,4,No,High
U01353,17.0,60.0,241.0,48.0,Premium,424,9,No,Medium
U01354,14.0,49.0,39.0,64.0,Basic,11,4,No,Low
U01355,9.0,38.0,194.0,19.0,Basic,164,8,Yes,Medium
U01356,8.0,13.0,5.0,67.0,Free,244,10,No,Low
U01357,2.0,12.0,157.0,,Premium,427,11,No,Low
U01358,13.0,11.0,130.0,73.0,Basic,540,9,Yes,Medium
U01359,7.0,40.0,230.0,76.0,Basic,74,10,Yes,Low
U01360,9.0,22.0,225.0,5.0,Premium,220,3,No,Medium
U01361,22.0,7.0,215.0,67.0,Basic,108,0,No,High
U01362,22.0,32.0,,11.0,Premium,58,9,No,Low
U01363,11.0,48.0,20.0,94.0,Free,334,4,No,Low
U01364,14.0,25.0,186.0,68.0,Basic,207,0,No,Medium
U01365,4.0,32.0,133.0,69.0,Basic,292,5,No,Low
U01366,13.0,58.0,46.0,1.0,Premium,49,11,Yes,Low
U01367,2.0,58.0,240.0,91.0,Premium,202,9,Yes,Low
U01368,23.0,69.0,38.0,92.0,Premium,220,9,No,Low
U01369,5.0,25.0,49.0,63.0,Premium,485,6,No,Low
U01370,11.0,17.0,138.0,29.0,Basic,313,0,No,Medium
U01371,6.0,61.0,25.0,82.0,Free,439,9,Yes,Low
U01372,18.0,53.0,126.0,12.0,Free,336,3,No,Medium
U01373,21.0,58.0,74.0,77.0,Free,31,8,Yes,Low
U01374,10.0,14.0,52.0,41.0,Free,170,0,Yes,Low
U01375,4.0,57.0,43.0,2.0,Premium,322,8,No,Low
U01376,9.0,48.0,291.0,37.0,Basic,278,7,Yes,Medium
U01377,6.0,51.0,14.0,45.0,Basic,387,4,No,Low
U01378,2.0,57.0,34.0,80.0,Basic,369,5,Yes,Low
U01379,17.0,50.0,248.0,48.0,Premium,107,6,No,Medium
U01380,5.0,,278.0,24.0,Basic,507,3,No,Low
U01381,6.0,41.0,92.0,99.0,Premium,377,5,Yes,Low
U01382,12.0,28.0,248.0,22.0,Basic,249,6,Yes,Medium
U01383,23.0,6.0,19.0,11.0,Free,173,10,Yes,Low
U01384,21.0,18.0,8.0,58.0,Premium,422,5,No,Low
U01385,10.0,,195.0,46.0,Basic,360,10,Yes,Medium
U01386,22.0,39.0,172.0,29.0,Free,482,11,Yes,Medium
U01387,21.0,29.0,13.0,35.0,Free,129,5,No,Low
U01388,6.0,7.0,113.0,15.0,Free,541,1,No,Low
U01389,8.0,21.0,141.0,60.0,Premium,406,4,Yes,Low
U01390,2.0,16.0,158.0,95.0,Premium,521,2,Yes,Low
U01391,12.0,58.0,213.0,42.0,Basic,535,6,Yes,Medium
U01392,13.0,28.0,276.0,43.0,Free,258,3,No,Medium
U01393,21.0,33.0,147.0,80.0,Basic,125,0,No,Medium
U01394,7.0,47.0,103.0,74.0,Basic,36,11,Yes,Low
U01395,10.0,29.0,73.0,49.0,Free,41,11,No,Low
U01396,13.0,64.0,251.0,64.0,Basic,346,5,Yes,Medium
U01397,17.0,69.0,265.0,32.0,Premium,17,5,Yes,Medium
U01398,21.0,32.0,280.0,64.0,Basic,187,6,No,High
U01399,14.0,20.0,83.0,2.0,Free,269,10,Yes,Medium
U01400,2.0,51.0,,24.0,Premium,92,7,Yes,Low
U01401,22.0,62.0,115.0,87.0,Premium,466,2,No,Medium
U01402,11.0,31.0,262.0,66.0,Basic,50,5,Yes,Medium
U01403,1.0,57.0,97.0,38.0,Basic,396,9,Yes,Low
U01404,19.0,,17.0,31.0,Premium,123,1,No,Low
U01405,21.0,63.0,264.0,26.0,Basic,535,8,Yes,Medium
U01406,4.0,51.0,113.0,29.0,Free,451,1,Yes,Low
U01407,19.0,38.0,193.0,67.0,Basic,50,2,No,High
U01408,21.0,41.0,99.0,78.0,Basic,512,11,No,Medium
U01409,11.0,10.0,109.0,25.0,Premium,562,9,No,Medium
U01410,8.0,11.0,12.0,48.0,Basic,530,11,Yes,Low
U01411,11.0,29.0,71.0,65.0,Basic,7,11,No,Low
U01412,4.0,37.0,195.0,53.0,Basic,32,1,Yes,Low
U01413,17.0,59.0,260.0,67.0,Free,385,8,No,High
U01414,7.0,62.0,13.0,90.0,Basic,161,0,Yes,Low
U01415,8.0,11.0,121.0,18.0,Free,515,4,Yes,Low
U01416,3.0,61.0,271.0,9.0,Free,337,0,No,Low
U01417,22.0,16.0,103.0,38.0,Free,118,4,Yes,Medium
U01418,2.0,20.0,168.0,87.0,Free,393,7,Yes,Low
U01419,23.0,47.0,145.0,21.0,Premium,491,7,No,Medium
U01420,15.0,11.0,272.0,65.0,Free,254,10,Yes,Medium
U01421,24.0,55.0,41.0,21.0,Basic,575,7,Yes,Low
U01422,22.0,36.0,78.0,27.0,Free,319,1,Yes,Low
U01423,22.0,12.0,77.0,70.0,Basic,243,7,No,Low
U01424,5.0,49.0,203.0,44.0,Free,238,11,No,Low
U01425,24.0,63.0,134.0,28.0,Premium,307,4,No,Medium
U01426,1.0,8.0,250.0,45.0,Free,338,0,No,Low
U01427,4.0,33.0,64.0,17.0,Free,117,6,No,Low
U01428,15.0,33.0,283.0,40.0,Premium,366,5,No,Medium
U01429,20.0,32.0,107.0,3.0,Free,101,4,No,Medium
U01430,19.0,48.0,155.0,76.0,Basic,20,0,No,Medium
U01431,3.0,8.0,161.0,76.0,Free,560,0,Yes,Low
U01432,20.0,13.0,210.0,66.0,Free,380,5,Yes,High
U01433,11.0,9.0,183.0,46.0,Free,394,9,Yes,Medium
U01434,17.0,60.0,201.0,86.0,Premium,221,11,Yes,High
U01435,13.0,54.0,227.0,87.0,Free,403,6,No,Medium
U01436,11.0,19.0,93.0,30.0,Free,264,9,Yes,Medium
U01437,2.0,36.0,291.0,69.0,Basic,324,9,Yes,Low
U01438,9.0,32.0,280.0,9.0,Free,200,0,Yes,Medium
U01439,2.0,26.0,240.0,85.0,Free,482,8,Yes,Low
U01440,21.0,21.0,187.0,11.0,Free,422,3,Yes,Medium
U01441,9.0,63.0,213.0,69.0,Free,479,4,No,Medium
U01442,9.0,61.0,134.0,99.0,Basic,572,1,No,Medium
U01443,8.0,30.0,157.0,91.0,Basic,548,11,Yes,Low
U01444,17.0,29.0,17.0,66.0,Premium,235,9,Yes,Low
U01445,1.0,14.0,126.0,88.0,Free,525,7,Yes,Low
U01446,11.0,49.0,224.0,31.0,Premium,204,1,Yes,Medium
U01447,8.0,15.0,110.0,33.0,Premium,25,2,No,Low
U01448,10.0,57.0,74.0,39.0,Free,315,11,Yes,Low
U01449,7.0,32.0,199.0,94.0,Basic,592,8,No,Low
U01450,3.0,69.0,190.0,46.0,Basic,438,1,Yes,Low
U01451,3.0,53.0,103.0,37.0,Free,375,5,No,Low
U01452,18.0,51.0,86.0,92.0,Free,564,11,No,Medium
U01453,5.0,56.0,79.0,60.0,Basic,82,3,No,Low
U01454,12.0,58.0,196.0,31.0,Free,546,6,Yes,Medium
U01455,12.0,64.0,218.0,11.0,Free,289,5,Yes,Medium
U01456,19.0,61.0,148.0,87.0,Free,144,9,No,Medium
U01457,6.0,51.0,220.0,2.0,Basic,557,8,Yes,Low
U01458,2.0,35.0,19.0,27.0,Premium,286,8,Yes,Low
U01459,12.0,50.0,221.0,99.0,Premium,566,9,No,Medium
U01460,,30.0,39.0,2.0,Free,262,3,Yes,Low
U01461,5.0,9.0,187.0,21.0,Basic,364,0,No,Low
U01462,12.0,56.0,,58.0,Free,444,1,Yes,Low
U01463,17.0,58.0,104.0,,Basic,274,7,Yes,Medium
U01464,17.0,37.0,11.0,52.0,Free,138,9,No,Low
U01465,10.0,54.0,34.0,45.0,Basic,108,7,No,Low
U01466,23.0,42.0,148.0,85.0,Basic,99,1,No,Medium
U01467,17.0,31.0,115.0,93.0,Premium,577,3,No,Medium
U01468,15.0,19.0,236.0,20.0,Free,484,0,Yes,Medium
U01469,12.0,65.0,183.0,61.0,Premium,245,6,Yes,Medium
U01470,16.0,25.0,76.0,38.0,Premium,17,3,Yes,Low
U01471,24.0,50.0,214.0,20.0,Basic,151,10,No,Medium
U01472,19.0,10.0,224.0,25.0,Free,99,7,Yes,Medium
U01473,8.0,42.0,84.0,2.0,Basic,297,8,Yes,Low
U01474,21.0,66.0,87.0,32.0,Basic,29,11,Yes,Medium
U01475,17.0,66.0,46.0,26.0,Basic,276,8,No,Low
U01476,23.0,50.0,277.0,70.0,Free,509,2,No,High
U01477,51.0,256.0,195.0,41.0,Free,170,4,Yes,Medium
U01478,22.0,7.0,177.0,67.0,Basic,91,5,Yes,Medium
U01479,16.0,10.0,11.0,97.0,Free,495,5,No,Low
U01480,6.0,12.0,159.0,1.0,Basic,145,9,No,Low
U01481,8.0,48.0,14.0,51.0,Free,107,7,No,Low
U01482,18.0,37.0,38.0,5.0,Free,230,5,No,Low
U01483,12.0,54.0,40.0,13.0,Premium,579,5,Yes,Low
U01484,15.0,15.0,10.0,19.0,Basic,298,3,No,Low
U01485,9.0,32.0,219.0,12.0,Premium,310,6,Yes,Medium
U01486,13.0,45.0,138.0,48.0,Premium,258,7,No,Medium
U01487,15.0,20.0,289.0,25.0,Basic,184,2,Yes,Medium
U01488,,52.0,130.0,57.0,Basic,44,6,Yes,Low
U01489,16.0,60.0,178.0,35.0,Free,524,2,No,Medium
U01490,,68.0,156.0,76.0,Basic,550,7,Yes,Low
U01491,17.0,63.0,30.0,94.0,Premium,240,0,Yes,Low
U01492,23.0,66.0,119.0,5.0,Premium,467,0,Yes,Medium
U01493,21.0,15.0,,98.0,Basic,232,5,No,Low
U01494,22.0,22.0,79.0,22.0,Premium,487,9,No,Low
U01495,7.0,23.0,170.0,77.0,Free,434,8,No,Low
U01496,14.0,59.0,193.0,57.0,Premium,26,11,Yes,Medium
U01497,15.0,30.0,82.0,47.0,Free,347,3,Yes,Medium
U01498,21.0,10.0,94.0,54.0,Premium,44,5,Yes,Medium
U01499,7.0,8.0,180.0,3.0,Free,177,11,Yes,Low
U01500,9.0,33.0,25.0,53.0,Free,443,4,No,Low
U01501,19.0,63.0,58.0,84.0,Basic,183,11,Yes,Low
U01502,16.0,21.0,188.0,31.0,Free,137,0,Yes,Medium
U01503,8.0,47.0,226.0,69.0,Basic,355,5,Yes,Low
U01504,18.0,38.0,183.0,88.0,Premium,529,8,No,High
U01505,23.0,12.0,280.0,33.0,Premium,544,11,Yes,Medium
U01506,18.0,17.0,116.0,72.0,Premium,510,2,No,Medium
U01507,20.0,12.0,228.0,88.0,Free,88,10,No,High
U01508,7.0,69.0,218.0,50.0,Premium,468,2,Yes,Low
U01509,3.0,47.0,63.0,84.0,Premium,347,1,Yes,Low
U01510,18.0,43.0,113.0,16.0,Basic,284,3,Yes,Medium
U01511,10.0,63.0,161.0,76.0,Basic,267,9,Yes,Medium
U01512,7.0,48.0,195.0,77.0,Premium,170,2,No,Low
U01513,17.0,13.0,204.0,39.0,Premium,297,11,No,Medium
U01514,14.0,41.0,200.0,89.0,Free,513,1,No,Medium
U01515,,40.0,39.0,46.0,Free,584,0,No,Low
U01516,3.0,32.0,250.0,96.0,Premium,230,2,No,Low
U01517,12.0,46.0,241.0,88.0,Basic,174,9,No,Medium
U01518,13.0,47.0,108.0,47.0,Premium,452,5,No,Medium
U01519,2.0,46.0,11.0,44.0,Free,506,8,No,Low
U01520,3.0,59.0,287.0,9.0,Basic,531,10,No,Low
U01521,5.0,,5.0,87.0,Basic,383,4,No,Low
U01522,11.0,,223.0,50.0,Free,205,2,Yes,Medium
U01523,8.0,31.0,234.0,,Premium,254,4,Yes,Low
U01524,23.0,17.0,176.0,60.0,Premium,413,4,Yes,Medium
U01525,23.0,49.0,91.0,96.0,Premium,129,4,No,Medium
U01526,12.0,14.0,45.0,15.0,Free,117,11,Yes,Low
U01527,7.0,13.0,127.0,36.0,Basic,141,11,No,Low
U01528,15.0,58.0,182.0,63.0,Free,500,6,No,Medium
U01529,24.0,31.0,67.0,69.0,Premium,154,4,Yes,Low
U01530,17.0,,169.0,86.0,Free,347,6,No,Medium
U01531,4.0,5.0,191.0,80.0,Basic,584,8,Yes,Low
U01532,22.0,36.0,213.0,41.0,Free,325,4,No,Medium
U01533,13.0,24.0,231.0,74.0,Premium,536,1,No,Medium
U01534,18.0,39.0,52.0,24.0,Basic,293,4,Yes,Low
U01535,1.0,21.0,228.0,82.0,Free,493,7,Yes,Low
U01536,16.0,22.0,7.0,49.0,Free,496,11,Yes,Low
U01537,13.0,49.0,179.0,18.0,Basic,256,3,Yes,Medium
U01538,10.0,57.0,103.0,7.0,Basic,81,1,Yes,Medium
U01539,12.0,69.0,120.0,4.0,Premium,396,9,Yes,Medium
U01540,2.0,5.0,274.0,90.0,Basic,416,2,No,Low
U01541,23.0,62.0,257.0,69.0,Premium,177,8,No,High
U01542,3.0,,99.0,60.0,Free,205,8,No,Low
U01543,10.0,24.0,277.0,55.0,Premium,221,7,No,Medium
U01544,2.0,14.0,28.0,16.0,Free,380,7,Yes,Low
U01545,23.0,63.0,120.0,99.0,Basic,590,7,No,Medium
U01546,13.0,45.0,155.0,90.0,Free,15,7,No,Medium
U01547,13.0,9.0,54.0,82.0,Basic,16,7,Yes,Low
U01548,18.0,69.0,,29.0,Free,594,0,No,Low
U01549,3.0,21.0,83.0,23.0,Free,439,5,Yes,Low
U01550,7.0,26.0,74.0,14.0,Free,377,11,Yes,Low
U01551,14.0,45.0,31.0,79.0,Free,277,8,Yes,Low
U01552,20.0,15.0,275.0,49.0,Premium,580,7,No,Medium
U01553,17.0,60.0,54.0,33.0,Free,513,2,Yes,Low
U01554,21.0,55.0,296.0,25.0,Premium,136,10,No,Medium
U01555,12.0,25.0,251.0,21.0,Basic,323,0,No,Medium
U01556,16.0,30.0,268.0,17.0,Basic,172,1,No,Medium
U01557,24.0,23.0,83.0,23.0,Premium,401,10,Yes,Medium
U01558,12.0,64.0,194.0,57.0,Basic,184,1,Yes,Medium
U01559,15.0,51.0,51.0,81.0,Basic,62,6,Yes,Low
U01560,10.0,30.0,193.0,58.0,Free,484,11,No,Medium
U01561,7.0,44.0,260.0,14.0,Free,595,5,No,Low
U01562,20.0,9.0,226.0,93.0,Free,464,10,Yes,High
U01563,5.0,25.0,245.0,20.0,Premium,65,1,No,Low
U01564,1.0,8.0,273.0,30.0,Premium,373,7,Yes,Low
U01565,17.0,27.0,5.0,19.0,Basic,125,8,Yes,Low
U01566,3.0,19.0,38.0,53.0,Free,550,6,No,Low
U01567,13.0,12.0,83.0,56.0,Premium,586,3,No,Medium
U01568,14.0,45.0,240.0,77.0,Premium,21,0,Yes,Medium
U01569,24.0,23.0,102.0,82.0,Free,500,3,No,Medium
U01570,18.0,50.0,86.0,23.0,Premium,501,3,Yes,Medium
U01571,4.0,32.0,196.0,62.0,Free,509,7,Yes,Low
U01572,18.0,19.0,257.0,33.0,Basic,536,3,No,Medium
U01573,5.0,41.0,42.0,18.0,Basic,319,3,Yes,Low
U01574,16.0,5.0,18.0,73.0,Basic,73,1,No,Low
U01575,1.0,28.0,213.0,33.0,Free,165,11,Yes,Low
U01576,21.0,31.0,93.0,32.0,Premium,149,9,No,Medium
U01577,14.0,44.0,60.0,61.0,Basic,573,6,No,Low
U01578,15.0,,98.0,54.0,Basic,599,3,Yes,Medium
U01579,9.0,65.0,97.0,17.0,Basic,389,10,No,Medium
U01580,15.0,,89.0,19.0,Premium,273,5,No,Medium
U01581,17.0,28.0,249.0,91.0,Premium,458,2,Yes,High
U01582,24.0,28.0,26.0,70.0,Free,522,6,No,Low
U01583,4.0,8.0,295.0,99.0,Basic,354,5,Yes,Low
U01584,12.0,38.0,276.0,34.0,Premium,114,2,No,Medium
U01585,5.0,61.0,126.0,84.0,Free,487,3,Yes,Low
U01586,5.0,53.0,132.0,25.0,Basic,411,9,Yes,Low
U01587,11.0,57.0,117.0,68.0,Premium,55,4,Yes,Medium
U01588,6.0,27.0,277.0,74.0,Premium,407,8,Yes,Low
U01589,7.0,57.0,134.0,74.0,Free,567,5,No,Low
U01590,24.0,66.0,136.0,88.0,Basic,480,3,Yes,Medium
U01591,14.0,45.0,89.0,85.0,Basic,91,10,No,Medium
U01592,24.0,61.0,85.0,11.0,Premium,72,10,Yes,Medium
U01593,11.0,64.0,73.0,91.0,Basic,46,6,No,Low
U01594,13.0,58.0,152.0,16.0,Free,61,1,Yes,Medium
U01595,2.0,61.0,20.0,90.0,Premium,200,3,No,Low
U01596,7.0,14.0,109.0,61.0,Premium,66,4,No,Low
U01597,20.0,44.0,169.0,94.0,Free,267,3,Yes,Medium
U01598,4.0,11.0,205.0,80.0,Premium,116,3,Yes,Low
U01599,8.0,42.0,201.0,7.0,Basic,182,10,Yes,Low
U01600,20.0,65.0,189.0,16.0,Basic,30,8,No,Medium
U01601,22.0,7.0,269.0,99.0,Premium,414,10,No,High
U01602,21.0,55.0,104.0,16.0,Free,535,1,No,Medium
U01603,19.0,51.0,218.0,40.0,Free,321,5,No,Medium
U01604,13.0,42.0,282.0,12.0,Basic,536,7,Yes,Medium
U01605,14.0,40.0,166.0,35.0,Free,110,7,Yes,Medium
U01606,10.0,45.0,161.0,21.0,Premium,468,10,Yes,Medium
U01607,11.0,17.0,255.0,50.0,Premium,250,6,Yes,Medium
U01608,2.0,62.0,101.0,43.0,Basic,85,9,No,Low
U01609,9.0,54.0,22.0,17.0,Basic,400,10,No,Low
U01610,17.0,34.0,101.0,32.0,Basic,526,3,Yes,Medium
U01611,3.0,66.0,5.0,41.0,Free,268,6,No,Low
U01612,24.0,29.0,220.0,6.0,Premium,278,9,Yes,Medium
U01613,6.0,31.0,136.0,88.0,Premium,176,5,No,Low
U01614,5.0,55.0,264.0,27.0,Premium,269,10,No,Low
U01615,5.0,61.0,129.0,20.0,Basic,30,5,No,Low
U01616,22.0,51.0,86.0,25.0,Premium,473,1,No,Medium
U01617,66.0,290.0,287.0,66.0,Free,480,7,No,High
U01618,23.0,20.0,175.0,9.0,Free,360,7,No,Medium
U01619,17.0,26.0,63.0,92.0,Premium,30,10,Yes,Low
U01620,9.0,58.0,36.0,53.0,Basic,38,6,No,Low
U01621,3.0,25.0,165.0,61.0,Premium,268,10,Yes,Low
U01622,20.0,20.0,288.0,38.0,Free,142,8,Yes,Medium
U01623,17.0,63.0,110.0,3.0,Free,570,7,Yes,Medium
U01624,10.0,35.0,109.0,84.0,Free,466,8,Yes,Medium
U01625,3.0,46.0,232.0,70.0,Premium,172,8,Yes,Low
U01626,18.0,36.0,192.0,97.0,Free,85,5,Yes,High
U01627,18.0,63.0,74.0,55.0,Basic,411,1,No,Low
U01628,17.0,38.0,294.0,1.0,Premium,578,11,No,Medium
U01629,24.0,13.0,91.0,70.0,Premium,50,6,No,Medium
U01630,3.0,15.0,60.0,45.0,Free,57,2,Yes,Low
U01631,3.0,14.0,117.0,98.0,Free,480,6,Yes,Low
U01632,6.0,21.0,17.0,47.0,Basic,596,8,Yes,Low
U01633,13.0,52.0,22.0,79.0,Premium,20,9,No,Low
U01634,24.0,56.0,186.0,26.0,Free,364,9,No,Medium
U01635,15.0,29.0,117.0,14.0,Basic,491,1,No,Medium
U01636,9.0,25.0,233.0,54.0,Free,506,5,Yes,Medium
U01637,4.0,69.0,175.0,71.0,Premium,145,5,Yes,Low
U01638,14.0,67.0,299.0,46.0,Free,451,8,Yes,Medium
U01639,,55.0,,,Premium,294,8,No,Low
U01640,2.0,40.0,83.0,88.0,Free,213,4,Yes,Low
U01641,11.0,19.0,150.0,59.0,Premium,479,4,Yes,Medium
U01642,9.0,43.0,186.0,95.0,Basic,417,8,Yes,Medium
U01643,24.0,5.0,290.0,29.0,Premium,431,7,Yes,Medium
U01644,3.0,27.0,254.0,96.0,Basic,375,6,No,Low
U01645,9.0,43.0,200.0,17.0,Premium,294,7,No,Medium
U01646,3.0,61.0,75.0,14.0,Basic,436,5,Yes,Low
U01647,2.0,38.0,252.0,36.0,Free,272,2,Yes,Low
U01648,12.0,45.0,150.0,58.0,Premium,155,6,No,Medium
U01649,10.0,17.0,110.0,24.0,Free,259,7,No,Medium
U01650,9.0,10.0,267.0,63.0,Basic,357,7,Yes,Medium
U01651,15.0,56.0,74.0,91.0,Premium,381,0,No,Low
U01652,8.0,7.0,197.0,25.0,Premium,362,6,No,Low
U01653,5.0,67.0,72.0,59.0,Free,374,2,Yes,Low
U01654,11.0,53.0,56.0,32.0,Premium,231,1,No,Low
U01655,2.0,51.0,289.0,82.0,Premium,307,1,No,Low
U01656,24.0,59.0,13.0,18.0,Free,393,7,No,Low
U01657,15.0,68.0,255.0,37.0,Premium,381,8,No,Medium
U01658,6.0,69.0,188.0,26.0,Free,122,2,Yes,Low
U01659,8.0,19.0,183.0,9.0,Free,9,2,No,Low
U01660,5.0,36.0,202.0,99.0,Free,448,5,No,Low
U01661,16.0,22.0,132.0,64.0,Free,356,10,Yes,Medium
U01662,18.0,47.0,24.0,72.0,Free,537,9,No,Low
U01663,6.0,39.0,69.0,20.0,Basic,128,0,Yes,Low
U01664,5.0,62.0,186.0,54.0,Basic,281,5,Yes,Low
U01665,16.0,37.0,245.0,86.0,Free,398,11,No,High
U01666,13.0,18.0,28.0,83.0,Basic,364,2,No,Low
U01667,5.0,38.0,87.0,30.0,Basic,473,10,No,Low
U01668,13.0,65.0,189.0,53.0,Premium,61,3,No,Medium
U01669,17.0,8.0,103.0,92.0,Free,255,8,No,Medium
U01670,18.0,63.0,66.0,99.0,Basic,154,2,Yes,Low
U01671,8.0,33.0,,63.0,Premium,456,0,No,Low
U01672,13.0,10.0,26.0,11.0,Premium,166,2,Yes,Low
U01673,19.0,53.0,216.0,31.0,Free,124,6,No,Medium
U01674,3.0,44.0,130.0,49.0,Free,586,6,Yes,Low
U01675,24.0,69.0,46.0,94.0,Premium,355,10,No,Low
U01676,8.0,31.0,102.0,87.0,Free,103,4,No,Low
U01677,2.0,10.0,35.0,19.0,Free,171,0,No,Low
U01678,8.0,17.0,162.0,12.0,Premium,518,10,No,Low
U01679,13.0,68.0,116.0,15.0,Premium,405,7,No,Medium
U01680,13.0,66.0,251.0,31.0,Free,369,9,Yes,Medium
U01681,1.0,23.0,126.0,43.0,Basic,581,7,No,Low
U01682,6.0,47.0,277.0,37.0,Free,330,9,No,Low
U01683,24.0,24.0,298.0,79.0,Basic,585,11,No,High
U01684,19.0,48.0,211.0,29.0,Premium,251,9,Yes,Medium
U01685,16.0,27.0,114.0,26.0,Basic,438,9,No,Medium
U01686,8.0,6.0,282.0,2.0,Premium,97,1,Yes,Low
U01687,1.0,26.0,60.0,84.0,Free,272,9,No,Low
U01688,16.0,61.0,61.0,15.0,Free,325,2,Yes,Low
U01689,9.0,11.0,295.0,4.0,Premium,66,3,No,Medium
U01690,13.0,60.0,118.0,86.0,Premium,304,0,No,Medium
U01691,11.0,20.0,202.0,50.0,Premium,407,3,Yes,Medium
U01692,13.0,55.0,183.0,38.0,Free,571,4,No,Medium
U01693,21.0,16.0,223.0,23.0,Free,307,2,Yes,Medium
U01694,10.0,57.0,281.0,59.0,Basic,257,10,No,Medium
U01695,4.0,9.0,20.0,90.0,Premium,482,9,No,Low
U01696,6.0,31.0,65.0,75.0,Basic,373,1,Yes,Low
U01697,7.0,16.0,58.0,28.0,Free,164,5,No,Low
U01698,5.0,21.0,172.0,66.0,Basic,170,7,Yes,Low
U01699,11.0,10.0,30.0,8.0,Basic,209,6,Yes,Low
U01700,13.0,9.0,,29.0,Free,271,10,No,Low
U01701,19.0,,104.0,11.0,Free,142,0,No,Medium
U01702,23.0,32.0,78.0,18.0,Premium,372,3,No,Low
U01703,10.0,63.0,196.0,55.0,Basic,447,2,Yes,Medium
U01704,10.0,37.0,175.0,50.0,Free,571,5,Yes,Medium
U01705,11.0,66.0,277.0,14.0,Free,21,8,No,Medium
U01706,21.0,54.0,191.0,74.0,Basic,72,8,Yes,High
U01707,7.0,23.0,27.0,99.0,Free,137,6,Yes,Low
U01708,18.0,51.0,185.0,9.0,Premium,434,11,Yes,Medium
U01709,4.0,43.0,112.0,99.0,Premium,312,8,Yes,Low
U01710,2.0,37.0,166.0,11.0,Basic,178,7,No,Low
U01711,14.0,17.0,210.0,63.0,Premium,416,4,No,Medium
U01712,13.0,58.0,82.0,76.0,Free,101,8,No,Medium
U01713,12.0,11.0,20.0,67.0,Free,158,6,Yes,Low
U01714,,18.0,100.0,53.0,Free,246,4,Yes,Low
U01715,2.0,23.0,151.0,39.0,Free,308,7,Yes,Low
U01716,13.0,58.0,6.0,78.0,Basic,289,6,Yes,Low
U01717,14.0,,14.0,56.0,Premium,31,8,No,Low
U01718,17.0,33.0,129.0,28.0,Premium,406,9,Yes,Medium
U01719,9.0,28.0,85.0,75.0,Free,364,0,Yes,Medium
U01720,17.0,67.0,144.0,39.0,Basic,64,8,No,Medium
U01721,8.0,61.0,154.0,25.0,Free,206,6,No,Low
U01722,2.0,12.0,292.0,21.0,Free,585,0,No,Low
U01723,24.0,66.0,133.0,10.0,Basic,374,0,Yes,Medium
U01724,13.0,33.0,243.0,43.0,Basic,537,4,Yes,Medium
U01725,3.0,21.0,62.0,15.0,Free,156,7,Yes,Low
U01726,16.0,10.0,202.0,83.0,Premium,106,8,Yes,High
U01727,6.0,62.0,215.0,48.0,Free,450,11,Yes,Low
U01728,19.0,32.0,49.0,86.0,Premium,233,5,Yes,Low
U01729,7.0,66.0,101.0,21.0,Premium,129,11,No,Low
U01730,10.0,45.0,283.0,60.0,Basic,240,9,Yes,Medium
U01731,9.0,45.0,27.0,96.0,Basic,166,11,No,Low
U01732,2.0,53.0,48.0,50.0,Free,558,7,No,Low
U01733,15.0,,31.0,23.0,Premium,357,5,No,Low
U01734,5.0,7.0,286.0,13.0,Premium,72,10,Yes,Low
U01735,22.0,14.0,101.0,69.0,Free,177,5,Yes,Medium
U01736,4.0,39.0,40.0,4.0,Free,563,3,No,Low
U01737,20.0,6.0,113.0,92.0,Free,265,10,Yes,Medium
U01738,4.0,28.0,59.0,78.0,Basic,221,4,Yes,Low
U01739,18.0,42.0,196.0,72.0,Free,128,1,No,High
U01740,4.0,26.0,223.0,9.0,Free,166,2,Yes,Low
U01741,17.0,30.0,189.0,35.0,Premium,205,2,Yes,Medium
U01742,12.0,47.0,73.0,21.0,Free,458,11,Yes,Low
U01743,22.0,59.0,134.0,58.0,Premium,406,10,Yes,Medium
U01744,17.0,43.0,59.0,18.0,Premium,466,4,No,Low
U01745,10.0,33.0,101.0,97.0,Basic,279,4,No,Medium
U01746,22.0,24.0,91.0,72.0,Free,210,5,Yes,Medium
U01747,1.0,45.0,298.0,81.0,Free,44,4,Yes,Low
U01748,22.0,58.0,123.0,43.0,Premium,277,11,Yes,Medium
U01749,24.0,24.0,212.0,95.0,Basic,97,5,No,High
U01750,18.0,23.0,158.0,98.0,Basic,46,7,Yes,Medium
U01751,18.0,34.0,39.0,6.0,Free,469,1,Yes,Low
U01752,14.0,57.0,83.0,86.0,Premium,383,3,No,Medium
U01753,15.0,38.0,71.0,78.0,Free,111,5,Yes,Low
U01754,12.0,26.0,38.0,67.0,Free,332,11,No,Low
U01755,4.0,10.0,,,Free,69,4,Yes,Low
U01756,3.0,31.0,173.0,12.0,Free,369,0,No,Low
U01757,20.0,14.0,173.0,66.0,Premium,488,8,Yes,Medium
U01758,12.0,52.0,155.0,2.0,Basic,28,2,Yes,Medium
U01759,7.0,63.0,75.0,15.0,Free,544,1,No,Low
U01760,11.0,63.0,7.0,23.0,Free,66,8,No,Low
U01761,1.0,6.0,36.0,29.0,Free,495,6,No,Low
U01762,6.0,33.0,291.0,81.0,Free,277,4,No,Low
U01763,15.0,69.0,,96.0,Basic,233,11,No,Low
U01764,15.0,30.0,47.0,7.0,Basic,24,5,Yes,Low
U01765,19.0,14.0,109.0,94.0,Basic,7,11,No,Medium
U01766,11.0,57.0,5.0,28.0,Basic,425,10,No,Low
U01767,23.0,63.0,65.0,14.0,Free,311,3,No,Low
U01768,2.0,26.0,274.0,44.0,Premium,436,0,No,Low
U01769,14.0,55.0,184.0,30.0,Basic,140,3,Yes,Medium
U01770,2.0,52.0,228.0,81.0,Basic,519,8,Yes,Low
U01771,4.0,25.0,10.0,32.0,Free,197,0,Yes,Low
U01772,17.0,26.0,107.0,70.0,Free,589,9,Yes,Medium
U01773,3.0,34.0,14.0,88.0,Free,419,2,Yes,Low
U01774,13.0,29.0,75.0,6.0,Free,122,4,No,Low
U01775,9.0,32.0,94.0,27.0,Premium,213,6,Yes,Medium
U01776,7.0,69.0,230.0,82.0,Premium,38,8,Yes,Low
U01777,15.0,49.0,162.0,88.0,Basic,322,5,No,Medium
U01778,23.0,11.0,232.0,24.0,Premium,124,2,No,Medium
U01779,11.0,53.0,130.0,34.0,Basic,529,6,Yes,Medium
U01780,20.0,13.0,213.0,40.0,Basic,585,3,Yes,Medium
U01781,2.0,40.0,101.0,47.0,Premium,93,2,No,Low
U01782,15.0,5.0,78.0,79.0,Basic,516,6,Yes,Low
U01783,14.0,14.0,119.0,75.0,Free,51,10,No,Medium
U01784,20.0,40.0,195.0,86.0,Basic,526,10,No,High
U01785,22.0,50.0,174.0,24.0,Free,288,6,Yes,Medium
U01786,11.0,36.0,208.0,65.0,Premium,381,3,Yes,Medium
U01787,,36.0,60.0,18.0,Premium,138,11,Yes,Low
U01788,17.0,10.0,212.0,44.0,Basic,252,6,No,Medium
U01789,12.0,52.0,45.0,76.0,Free,322,10,No,Low
U01790,24.0,42.0,36.0,57.0,Basic,440,1,Yes,Low
U01791,21.0,21.0,,28.0,Premium,180,0,Yes,Low
U01792,15.0,31.0,66.0,71.0,Basic,590,11,Yes,Low
U01793,16.0,58.0,159.0,23.0,Basic,355,1,No,Medium
U01794,5.0,54.0,288.0,85.0,Free,147,3,No,Low
U01795,20.0,39.0,213.0,34.0,Premium,402,7,No,Medium
U01796,96.0,252.0,191.0,11.0,Basic,373,2,Yes,Medium
U01797,19.0,32.0,134.0,86.0,Free,505,9,No,Medium
U01798,5.0,19.0,131.0,35.0,Basic,374,5,No,Low
U01799,3.0,8.0,296.0,93.0,Free,583,5,Yes,Low
U01800,1.0,31.0,118.0,42.0,Free,386,8,No,Low
U01801,6.0,30.0,203.0,28.0,Basic,90,8,Yes,Low
U01802,15.0,23.0,17.0,82.0,Premium,464,3,No,Low
U01803,2.0,21.0,275.0,78.0,Premium,329,8,Yes,Low
U01804,3.0,47.0,93.0,82.0,Free,526,5,Yes,Low
U01805,17.0,45.0,219.0,92.0,Premium,493,1,No,High
U01806,24.0,46.0,282.0,24.0,Free,401,9,Yes,Medium
U01807,12.0,54.0,207.0,8.0,Premium,359,10,No,Medium
U01808,18.0,44.0,78.0,53.0,Basic,292,5,Yes,Low
U01809,15.0,43.0,29.0,72.0,Premium,463,1,Yes,Low
U01810,12.0,27.0,105.0,4.0,Free,540,7,Yes,Medium
U01811,16.0,56.0,180.0,91.0,Free,295,3,No,Medium
U01812,8.0,51.0,121.0,5.0,Premium,172,4,Yes,Low
U01813,14.0,67.0,170.0,97.0,Basic,432,7,Yes,Medium
U01814,17.0,47.0,45.0,49.0,Free,494,10,No,Low
U01815,21.0,52.0,124.0,98.0,Free,359,7,Yes,Medium
U01816,8.0,38.0,101.0,30.0,Free,200,11,Yes,Low
U01817,15.0,44.0,149.0,72.0,Free,549,11,Yes,Medium
U01818,14.0,65.0,220.0,63.0,Free,15,5,Yes,Medium
U01819,18.0,54.0,233.0,47.0,Basic,586,3,No,Medium
U01820,20.0,66.0,134.0,26.0,Premium,260,0,Yes,Medium
U01821,67.0,228.0,141.0,57.0,Basic,400,11,Yes,Medium
U01822,3.0,37.0,277.0,37.0,Basic,413,6,No,Low
U01823,12.0,20.0,121.0,98.0,Free,366,7,Yes,Medium
U01824,21.0,52.0,98.0,7.0,Basic,263,8,Yes,Medium
U01825,24.0,,172.0,40.0,Free,7,1,No,Medium
U01826,3.0,42.0,207.0,92.0,Basic,88,0,No,Low
U01827,20.0,23.0,153.0,39.0,Free,160,3,No,Medium
U01828,14.0,40.0,187.0,62.0,Free,180,4,No,Medium
U01829,15.0,63.0,156.0,92.0,Basic,476,9,Yes,Medium
U01830,14.0,67.0,78.0,78.0,Basic,428,11,No,Low
U01831,7.0,50.0,278.0,53.0,Premium,138,0,Yes,Low
U01832,17.0,7.0,46.0,,Premium,384,4,No,Low
U01833,12.0,69.0,216.0,82.0,Premium,281,5,Yes,Medium
U01834,20.0,12.0,105.0,25.0,Basic,240,2,No,Medium
U01835,4.0,55.0,49.0,7.0,Basic,17,11,No,Low
U01836,9.0,10.0,86.0,28.0,Free,346,6,Yes,Medium
U01837,6.0,43.0,21.0,69.0,Premium,39,5,No,Low
U01838,16.0,64.0,77.0,67.0,Free,563,3,No,Low
U01839,22.0,32.0,18.0,95.0,Free,218,2,No,Low
U01840,22.0,58.0,161.0,20.0,Free,416,4,Yes,Medium
U01841,21.0,41.0,227.0,83.0,Free,409,2,No,High
U01842,21.0,13.0,136.0,11.0,Premium,498,9,No,Medium
U01843,2.0,60.0,,67.0,Free,163,8,Yes,Low
U01844,24.0,63.0,111.0,87.0,Basic,114,8,Yes,Medium
U01845,8.0,6.0,112.0,7.0,Basic,553,5,No,Low
U01846,11.0,65.0,269.0,23.0,Basic,530,10,Yes,Medium
U01847,13.0,62.0,209.0,61.0,Premium,351,5,Yes,Medium
U01848,17.0,64.0,83.0,71.0,Free,283,11,Yes,Medium
U01849,8.0,44.0,159.0,34.0,Premium,483,3,No,Low
U01850,21.0,40.0,275.0,19.0,Free,115,3,No,Medium
U01851,18.0,41.0,251.0,58.0,Premium,435,1,Yes,High
U01852,18.0,,23.0,9.0,Premium,546,9,No,Low
U01853,14.0,67.0,30.0,48.0,Free,119,3,Yes,Low
U01854,,26.0,221.0,82.0,Premium,94,7,No,Low
U01855,6.0,15.0,158.0,41.0,Free,216,9,Yes,Low
U01856,11.0,62.0,158.0,48.0,Basic,554,1,No,Medium
U01857,13.0,61.0,178.0,45.0,Basic,599,8,Yes,Medium
U01858,1.0,8.0,96.0,25.0,Basic,543,0,No,Low
U01859,6.0,11.0,185.0,78.0,Premium,364,1,No,Low
U01860,9.0,65.0,135.0,25.0,Basic,490,1,Yes,Medium
U01861,8.0,58.0,279.0,19.0,Free,376,10,No,Low
U01862,11.0,5.0,277.0,39.0,Basic,219,5,No,Medium
U01863,22.0,59.0,80.0,79.0,Basic,19,6,No,Low
U01864,19.0,7.0,181.0,80.0,Premium,263,2,No,High
U01865,24.0,42.0,188.0,27.0,Free,467,10,No,Medium
U01866,9.0,5.0,135.0,74.0,Premium,124,8,No,Medium
U01867,17.0,42.0,53.0,63.0,Premium,132,4,No,Low
U01868,12.0,33.0,59.0,68.0,Free,527,4,No,Low
U01869,14.0,,158.0,19.0,Premium,329,10,Yes,Medium
U01870,15.0,25.0,204.0,28.0,Free,324,11,No,Medium
U01871,16.0,51.0,122.0,85.0,Basic,510,3,Yes,Medium
U01872,22.0,39.0,267.0,78.0,Free,530,8,No,High
U01873,22.0,5.0,50.0,33.0,Free,54,7,Yes,Low
U01874,20.0,16.0,193.0,10.0,Free,588,11,No,Medium
U01875,1.0,64.0,133.0,83.0,Premium,73,3,Yes,Low
U01876,10.0,31.0,53.0,30.0,Free,395,3,Yes,Low
U01877,8.0,60.0,29.0,22.0,Free,387,1,No,Low
U01878,18.0,27.0,270.0,3.0,Free,20,8,Yes,Medium
U01879,1.0,29.0,122.0,82.0,Basic,443,2,No,Low
U01880,2.0,25.0,148.0,75.0,Free,572,3,No,Low
U01881,,65.0,204.0,48.0,Premium,136,6,Yes,Low
U01882,1.0,67.0,161.0,2.0,Free,564,9,No,Low
U01883,9.0,56.0,138.0,76.0,Free,252,7,Yes,Medium
U01884,13.0,29.0,152.0,54.0,Basic,277,7,Yes,Medium
U01885,1.0,59.0,75.0,6.0,Free,353,3,No,Low
U01886,13.0,50.0,237.0,40.0,Premium,488,6,No,Medium
U01887,20.0,36.0,158.0,93.0,Free,554,9,No,Medium
U01888,22.0,59.0,94.0,94.0,Premium,361,0,No,Medium
U01889,7.0,9.0,203.0,2.0,Basic,322,5,No,Low
U01890,2.0,40.0,165.0,73.0,Free,52,5,Yes,Low
U01891,6.0,53.0,30.0,2.0,Basic,14,5,Yes,Low
U01892,7.0,62.0,125.0,,Free,237,11,No,Low
U01893,14.0,43.0,216.0,97.0,Premium,40,1,No,Medium
U01894,18.0,65.0,67.0,74.0,Basic,417,7,No,Low
U01895,15.0,13.0,72.0,98.0,Free,466,4,Yes,Low
U01896,2.0,10.0,257.0,55.0,Premium,8,4,Yes,Low
U01897,10.0,39.0,6.0,72.0,Basic,48,1,Yes,Low
U01898,23.0,43.0,112.0,60.0,Free,572,3,No,Medium
U01899,12.0,26.0,290.0,97.0,Basic,558,11,No,Medium
U01900,17.0,45.0,53.0,6.0,Free,259,8,Yes,Low
U01901,8.0,9.0,144.0,19.0,Premium,118,8,No,Low
U01902,11.0,46.0,222.0,96.0,Premium,401,5,No,Medium
U01903,3.0,34.0,48.0,27.0,Basic,178,10,Yes,Low
U01904,,,273.0,1.0,Basic,259,8,Yes,Low
U01905,89.0,221.0,82.0,33.0,Free,470,3,No,Medium
U01906,6.0,41.0,220.0,40.0,Premium,281,10,Yes,Low
U01907,9.0,17.0,102.0,32.0,Free,468,0,No,Medium
U01908,7.0,36.0,240.0,69.0,Premium,506,1,Yes,Low
U01909,9.0,50.0,286.0,17.0,Basic,445,0,Yes,Medium
U01910,18.0,27.0,153.0,8.0,Free,73,7,No,Medium
U01911,12.0,49.0,70.0,57.0,Free,513,8,No,Low
U01912,8.0,21.0,238.0,42.0,Premium,330,9,Yes,Low
U01913,8.0,10.0,91.0,98.0,Premium,71,11,No,Low
U01914,18.0,22.0,83.0,9.0,Premium,308,5,Yes,Medium
U01915,20.0,26.0,209.0,87.0,Basic,488,1,No,High
U01916,15.0,37.0,283.0,35.0,Free,552,5,Yes,Medium
U01917,7.0,34.0,258.0,71.0,Premium,421,8,Yes,Low
U01918,11.0,36.0,134.0,79.0,Basic,163,11,Yes,Medium
U01919,20.0,46.0,88.0,53.0,Premium,153,2,No,Medium
U01920,16.0,14.0,280.0,54.0,Free,31,8,Yes,High
U01921,4.0,40.0,191.0,84.0,Premium,588,1,Yes,Low
U01922,6.0,38.0,50.0,25.0,Free,252,10,Yes,Low
U01923,22.0,32.0,187.0,67.0,Basic,105,4,Yes,High
U01924,3.0,,272.0,62.0,Basic,100,10,No,Low
U01925,9.0,43.0,104.0,55.0,Premium,388,1,No,Medium
U01926,10.0,51.0,82.0,46.0,Free,286,6,Yes,Medium
U01927,14.0,23.0,276.0,24.0,Free,326,10,Yes,Medium
U01928,11.0,19.0,166.0,98.0,Free,400,9,No,Medium
U01929,18.0,32.0,48.0,46.0,Premium,282,8,Yes,Low
U01930,22.0,28.0,242.0,22.0,Free,533,6,No,Medium
U01931,12.0,13.0,138.0,11.0,Free,267,11,Yes,Medium
U01932,23.0,51.0,196.0,48.0,Free,584,4,No,Medium
U01933,12.0,37.0,282.0,8.0,Free,297,3,Yes,Medium
U01934,13.0,66.0,22.0,39.0,Premium,298,11,No,Low
U01935,13.0,23.0,16.0,35.0,Premium,399,3,No,Low
U01936,19.0,44.0,184.0,49.0,Free,517,9,No,Medium
U01937,19.0,51.0,127.0,46.0,Free,184,7,Yes,Medium
U01938,23.0,69.0,250.0,38.0,Basic,239,9,No,Medium
U01939,,33.0,226.0,8.0,Basic,341,9,No,Low
U01940,4.0,54.0,55.0,54.0,Free,12,9,Yes,Low
U01941,13.0,17.0,75.0,37.0,Free,447,9,Yes,Low
U01942,8.0,5.0,52.0,91.0,Basic,543,9,Yes,Low
U01943,23.0,38.0,23.0,92.0,Basic,95,0,Yes,Low
U01944,21.0,52.0,266.0,40.0,Free,276,4,No,Medium
U01945,,52.0,88.0,34.0,Premium,9,1,Yes,Low
U01946,19.0,53.0,159.0,96.0,Premium,598,10,Yes,Medium
U01947,12.0,68.0,57.0,79.0,Free,223,8,Yes,Low
U01948,18.0,65.0,111.0,17.0,Free,122,6,Yes,Medium
U01949,6.0,33.0,139.0,33.0,Basic,597,9,Yes,Low
U01950,18.0,43.0,73.0,47.0,Basic,586,7,Yes,Low
U01951,19.0,30.0,15.0,,Premium,119,5,Yes,Low
U01952,22.0,21.0,147.0,80.0,Free,267,8,No,Medium
U01953,5.0,17.0,196.0,93.0,Basic,310,5,No,Low
U01954,24.0,30.0,73.0,9.0,Premium,426,6,No,Low
U01955,9.0,53.0,27.0,33.0,Premium,211,6,No,Low
U01956,3.0,11.0,185.0,60.0,Premium,307,8,No,Low
U01957,10.0,62.0,297.0,93.0,Basic,116,10,Yes,Medium
U01958,19.0,53.0,13.0,77.0,Basic,421,7,Yes,Low
U01959,3.0,57.0,275.0,21.0,Free,559,0,Yes,Low
U01960,22.0,69.0,97.0,58.0,Free,289,3,Yes,Medium
U01961,,66.0,21.0,85.0,Premium,189,6,No,Low
U01962,1.0,21.0,158.0,69.0,Premium,225,10,No,Low
U01963,7.0,47.0,153.0,10.0,Basic,448,7,Yes,Low
U01964,12.0,29.0,271.0,6.0,Basic,121,6,Yes,Medium
U01965,17.0,7.0,110.0,13.0,Free,74,11,No,Medium
U01966,21.0,33.0,39.0,65.0,Free,74,2,No,Low
U01967,24.0,36.0,123.0,20.0,Free,431,3,No,Medium
U01968,20.0,30.0,18.0,57.0,Basic,572,11,Yes,Low
U01969,5.0,20.0,18.0,46.0,Premium,447,6,Yes,Low
U01970,4.0,29.0,270.0,8.0,Free,141,7,No,Low
U01971,12.0,58.0,144.0,10.0,Free,508,6,No,Medium
U01972,20.0,32.0,298.0,73.0,Basic,135,5,Yes,High
U01973,24.0,60.0,123.0,67.0,Free,222,8,Yes,Medium
U01974,18.0,69.0,242.0,11.0,Premium,175,8,Yes,Medium
U01975,17.0,45.0,38.0,12.0,Basic,479,10,Yes,Low
U01976,72.0,,173.0,,Free,133,6,No,Medium
U01977,9.0,33.0,14.0,25.0,Free,61,7,No,Low
U01978,4.0,23.0,126.0,49.0,Basic,185,5,No,Low
U01979,21.0,45.0,149.0,49.0,Basic,250,0,Yes,Medium
U01980,2.0,49.0,227.0,89.0,Free,148,0,Yes,Low
U01981,4.0,19.0,261.0,11.0,Premium,55,5,Yes,Low
U01982,2.0,7.0,272.0,62.0,Basic,372,1,No,Low
U01983,15.0,15.0,8.0,36.0,Premium,463,7,No,Low
U01984,2.0,57.0,110.0,39.0,Free,222,0,No,Low
U01985,4.0,50.0,89.0,53.0,Premium,571,1,Yes,Low
U01986,6.0,34.0,218.0,90.0,Free,261,7,Yes,Low
U01987,7.0,61.0,125.0,78.0,Free,160,11,No,Low
U01988,10.0,22.0,136.0,56.0,Free,569,5,Yes,Medium
U01989,84.0,218.0,201.0,1.0,Free,446,11,No,Medium
U01990,19.0,52.0,23.0,56.0,Premium,29,9,No,Low
U01991,22.0,12.0,134.0,4.0,Free,540,1,No,Medium
U01992,12.0,26.0,16.0,30.0,Free,64,1,No,Low
U01993,3.0,10.0,85.0,12.0,Premium,471,10,Yes,Low
U01994,13.0,61.0,266.0,35.0,Basic,438,6,Yes,Medium
U01995,18.0,40.0,129.0,77.0,Premium,70,4,Yes,Medium
U01996,8.0,61.0,271.0,52.0,Premium,569,4,Yes,Low
U01997,21.0,,144.0,31.0,Premium,110,7,Yes,Medium
U01998,15.0,49.0,6.0,87.0,Free,100,11,Yes,Low
U01999,1.0,49.0,12.0,68.0,Free,555,11,No,Low
U02000,3.0,,254.0,52.0,Free,172,6,Yes,Low
